00007,commons_TsangMonk_jpg
00008,met_44794
00009,met_60655
00010,met_60654
00012,met_700091
00013,met_814025
00014,met_891631
00016,commons_Clarke_The_Two_Distilleries_on_the_Same_Hill_1925_png
00017,met_451289
00018,met_451726
00019,met_451403
00020,met_452651
00021,commons_Zal_and_the_Simurgh_ink_and_opaque_watercolor_painting_from
00022,commons_Khusraw_watches_Shirin_bathing_jpg
00024,commons_Brooklyn_Museum_Khusraw_Discovers_Shirin_Bathing_From_Pictor
00027,commons_Muraqqa_e_Golshan_Page_106_jpg
00028,commons_Tawaraya_Sotatsu_Waves_at_Matsushima_Google_Art_Project_jpg
00029,commons_Tawaraya_Sotatsu_Waves_at_Matsushima_2_Google_Art_Project_jp
00030,commons_Boats_upon_Waves_MET_DP264141_jpg
00031,commons_Boats_upon_Waves_MET_DP262119_jpg
00032,commons_Boats_upon_Waves_MET_49_35_3_d_jpg
00033,met_74906
00034,met_78195
00035,met_854908
00036,commons_Enthronement_of_Luhrasp_Iran_17th_century_jpg
00037,commons_Jonah_and_the_Whale_Folio_from_a_Jami_al_Tavarikh_Compendium
00038,commons_Kalila_wa_Dimna_1_jpg
00039,commons_Kalila_Visits_the_Imprisoned_Dimna_Folio_from_a_Kalila_wa_D
00040,commons_Courtiers_present_gifts_to_a_ruler_Safavid_Shiraz_Iran_circa
00041,commons_Court_of_the_Indian_King_Heblar_from_a_Mongol_period_Kalila
00042,commons_Banner_with_Bodhisattva_possibly_Mahamayuri_jpg
00043,commons_Painting_of_the_folk_tale_Sohni_Mahiwal_Mughal_ca_1700_50_jp
00045,commons_Boats_upon_Waves_MET_DP262129_jpg
00046,commons_Binding_for_the_Mantiq_al_tayr_Language_of_the_Birds_MET_DP2
00047,commons_Iranian_Courtiers_of_Shah_Abbas_I_Walters_W691A_jpg
00048,commons_Kalila_Upbraiding_Dimna_Folio_from_a_Kalila_wa_Dimna_MET_DP
00049,commons_The_Fire_Ordeal_of_Siyawush_from_a_Shahnama_of_Firdawsi_Safa
