file_id,orig_filename,train_filename,source,institution,page_url,direct_url,license,license_url,creator,creator_death_year,publication_year,family,theme_primary,width,height,sha256,decision,decision_reason,downloaded_at
commons_16_2_8_2005_Noahs_ark_Hafis_Abru_2_edit_JPG,image.jpg,,commons,Wikimedia Commons,https://commons.wikimedia.org/wiki/File:16_2-8-2005-Noahs-ark-Hafis-Abru-2_(edit).JPG,https://upload.wikimedia.org/wikipedia/commons/1/17/16_2-8-2005-Noahs-ark-Hafis-Abru-2_%28edit%29.JPG?utm_source=commons.wikimedia.org&utm_campaign=imageinfo&utm_content=thumbnail_unscaled,PD,,Unknown authorUnknown author,,"between 1405 and 1447date QS:P571,+1450-00-00T00:00:00Z/7,P1319,+1405-00-00T00:00:00Z/9,P1326,+1447-00-00T00:00:00Z/9",,,2756,3538,418af2e4f064fcc386978d8303a092988e4290b22e93bfad499ef0c8338a9dd4,reject,拒：与 commons_16_2_8_2005_Noahs_ark_Hafis_Abru_2_jpg 同一图的编辑版，重复入库（§3.2）。,2026-09-16T03:19:07Z
commons_16_2_8_2005_Noahs_ark_Hafis_Abru_2_jpg,image.jpg,00023.png,commons,Wikimedia Commons,https://commons.wikimedia.org/wiki/File:16_2-8-2005-Noahs-ark-Hafis-Abru-2.jpg,https://upload.wikimedia.org/wikipedia/commons/8/86/16_2-8-2005-Noahs-ark-Hafis-Abru-2.jpg?utm_source=commons.wikimedia.org&utm_campaign=imageinfo&utm_content=thumbnail_unscaled,PD,,Unknown authorUnknown author,,1430,B,water,2756,3538,6b3941ae7fa93fb35699d88ae9ed560d2375aad3eb7dad114b999db1756b75de,train,人工目检可留：帖木儿《诺亚方舟》(Commons PD，文件页 1405–1447，取1430)；金天+方舟载人畜+浪纹+海蛇，平涂矿物色，B 族 water。,2026-09-16T03:18:57Z
commons_17_jpg,image.jpg,,commons,Wikimedia Commons,https://commons.wikimedia.org/wiki/File:%E4%BF%B5%E5%B1%8B%E5%AE%97%E9%81%94%E3%80%8A%E6%9D%BE%E5%B3%B6%E5%9B%B3%E3%80%8B17%E4%B8%96%E7%B4%80%E3%80%81%E3%83%95%E3%83%AA%E3%83%BC%E3%82%A2%E7%BE%8E%E8%A1%93%E9%A4%A8.jpg,https://thumb.wikimedia.org/wikipedia/commons/thumb/8/81/%E4%BF%B5%E5%B1%8B%E5%AE%97%E9%81%94%E3%80%8A%E6%9D%BE%E5%B3%B6%E5%9B%B3%E3%80%8B17%E4%B8%96%E7%B4%80%E3%80%81%E3%83%95%E3%83%AA%E3%83%BC%E3%82%A2%E7%BE%8E%E8%A1%93%E9%A4%A8.jpg/3840px-%E4%BF%B5%E5%B1%8B%E5%AE%97%E9%81%94%E3%80%8A%E6%9D%BE%E5%B3%B6%E5%9B%B3%E3%80%8B17%E4%B8%96%E7%B4%80%E3%80%81%E3%83%95%E3%83%AA%E3%83%BC%E3%82%A2%E7%BE%8E%E8%A1%93%E9%A4%A8.jpg?utm_source=commons.wikimedia.org&utm_campaign=imageinfo&utm_content=thumbnail,PD,,Tawara Sōtatsu,,"17th centurydate QS:P,+1650-00-00T00:00:00Z/7",,,3840,1657,436e0d5e89fd7eea1e79f454938744ba795c11254df0ed886fbd7e0d3d9bb789,review,PD/CC0 但缺卒年/出版年，补时间证据再 train（§2.1）。,2026-09-16T04:31:27Z
commons_A_History_of_the_Knights_of_Malta_or_the_Order_of_St_John_of,image.jpg,,commons,Wikimedia Commons,"https://commons.wikimedia.org/wiki/File:A_History_of_the_Knights_of_Malta,_or_the_Order_of_St._John_of_Jerusalem.djvu",https://thumb.wikimedia.org/wikipedia/commons/thumb/c/c7/A_History_of_the_Knights_of_Malta%2C_or_the_Order_of_St._John_of_Jerusalem.djvu/page1-1280px-A_History_of_the_Knights_of_Malta%2C_or_the_Order_of_St._John_of_Jerusalem.djvu.jpg?utm_source=commons.wikimedia.org&utm_campaign=imageinfo&utm_content=thumbnail,PD,,Whitworth Porter,,1883,,,1280,1988,aaf0f759ef3f70bcf8d4bf973f4de97c1171e563f7332f02236c6140d342a2cf,train,license=PD 且时间合规；可 train。,2026-09-16T09:38:51Z
commons_A_late_T_ang_dynasty_Buddhist_donatress_jpg,image.jpg,,commons,Wikimedia Commons,https://commons.wikimedia.org/wiki/File:A_late_T%27ang_dynasty_Buddhist_donatress.jpg,https://upload.wikimedia.org/wikipedia/commons/6/60/A_late_T%27ang_dynasty_Buddhist_donatress.jpg?utm_source=commons.wikimedia.org&utm_campaign=imageinfo&utm_content=thumbnail_unscaled,PD,,Unknown authorUnknown author,,"10th centurydate QS:P,+950-00-00T00:00:00Z/7",,,192,333,5d5a302d08cfab8e9055e70e324f17a16378ffe54da8b04f2974720d8df5eca4,reject,拒：短边333<640（§5.2 尺寸门）。,2026-09-15T03:06:21Z
commons_A_treatise_on_chess_2_jpg,image.jpg,,commons,Wikimedia Commons,https://commons.wikimedia.org/wiki/File:A_treatise_on_chess_2.jpg,https://upload.wikimedia.org/wikipedia/commons/1/1a/A_treatise_on_chess_2.jpg?utm_source=commons.wikimedia.org&utm_campaign=imageinfo&utm_content=thumbnail_unscaled,PD,,Ferdowsi,,"14th centurydate QS:P,+1350-00-00T00:00:00Z/7",,,390,618,45f98b8e4d2115b6726e639acccca45010b6ce35bb30e24c1e875cf07c3ed371,reject,拒：短边390<640（§5.2）。,2026-09-16T02:41:35Z
commons_Aj_ib_al_makhl_q_t_Noah_s_Ark_and_a_Concentric_Square_f_260v,image.jpg,,commons,Wikimedia Commons,"https://commons.wikimedia.org/wiki/File:Aj%C3%A2%E2%80%99ib_al-makhl%C3%BBq%C3%A2t_Noah%27s_Ark_and_a_Concentric_Square,_f._260v.jpg",https://upload.wikimedia.org/wikipedia/commons/b/b4/Aj%C3%A2%E2%80%99ib_al-makhl%C3%BBq%C3%A2t_Noah%27s_Ark_and_a_Concentric_Square%2C_f._260v.jpg?utm_source=commons.wikimedia.org&utm_campaign=imageinfo&utm_content=thumbnail_unscaled,PD,,Zakariya al-Qazwini,,1540–1545 (Approximate),,,451,760,cf356aec576c6d1961cfcc046d6847c3947ef2bbaf1db2cb4e957f08bd41c718,reject,拒：短边451<640（§5.2）。,2026-09-16T03:19:04Z
commons_Bakst_Uzhin_jpg,image.jpg,,commons,Wikimedia Commons,https://commons.wikimedia.org/wiki/File:Bakst_Uzhin.jpg,https://upload.wikimedia.org/wikipedia/commons/0/02/Bakst_Uzhin.jpg?utm_source=commons.wikimedia.org&utm_campaign=imageinfo&utm_content=thumbnail_unscaled,PD,,Léon Bakst,,"1902date QS:P571,+1902-00-00T00:00:00Z/9",,,450,681,1008b7f71b15ec10029a1b4cdafad51583f9e4c48fe1b6a5cf1c9c626a0be219,reject,拒：短边450<640（§5.2）。,2026-09-14T05:27:33Z
commons_Banner_with_Bodhisattva_possibly_Mahamayuri_MET_DP161529_jp,image.jpg,,commons,Wikimedia Commons,"https://commons.wikimedia.org/wiki/File:%E5%94%90-%E4%BA%94%E4%BB%A3_%E8%8F%A9%E8%96%A9%E5%9C%96_%E8%BB%B8-Banner_with_Bodhisattva,_possibly_Mahamayuri_MET_DP161529.jpg",https://upload.wikimedia.org/wikipedia/commons/c/c4/%E5%94%90-%E4%BA%94%E4%BB%A3_%E8%8F%A9%E8%96%A9%E5%9C%96_%E8%BB%B8-Banner_with_Bodhisattva%2C_possibly_Mahamayuri_MET_DP161529.jpg?utm_source=commons.wikimedia.org&utm_campaign=imageinfo&utm_content=thumbnail_unscaled,CC0,http://creativecommons.org/publicdomain/zero/1.0/deed.en,,,9th–10th century,,,1971,3876,0b3bd2e3d7f725154cd7699cae6ff79e9db061eff7cf6d2ee6dc1886c04db71f,review,PD/CC0 但缺卒年/出版年，补时间证据再 train（§2.1）。,2026-09-16T09:37:05Z
commons_Banner_with_Bodhisattva_possibly_Mahamayuri_MET_DP161530_jp,image.jpg,,commons,Wikimedia Commons,"https://commons.wikimedia.org/wiki/File:%E5%94%90-%E4%BA%94%E4%BB%A3_%E8%8F%A9%E8%96%A9%E5%9C%96_%E8%BB%B8-Banner_with_Bodhisattva,_possibly_Mahamayuri_MET_DP161530.jpg",https://upload.wikimedia.org/wikipedia/commons/0/06/%E5%94%90-%E4%BA%94%E4%BB%A3_%E8%8F%A9%E8%96%A9%E5%9C%96_%E8%BB%B8-Banner_with_Bodhisattva%2C_possibly_Mahamayuri_MET_DP161530.jpg?utm_source=commons.wikimedia.org&utm_campaign=imageinfo&utm_content=thumbnail_unscaled,CC0,http://creativecommons.org/publicdomain/zero/1.0/deed.en,,,9th–10th century,,,3772,2233,95f104dc8052bab2e68bf60010f0a1e1aaf795d362898140ff94e759e75f1248,review,PD/CC0 但缺卒年/出版年，补时间证据再 train（§2.1）。,2026-09-16T09:36:59Z
commons_Banner_with_Bodhisattva_possibly_Mahamayuri_MET_DP161555_jp,image.jpg,,commons,Wikimedia Commons,"https://commons.wikimedia.org/wiki/File:%E5%94%90-%E4%BA%94%E4%BB%A3_%E8%8F%A9%E8%96%A9%E5%9C%96_%E8%BB%B8-Banner_with_Bodhisattva,_possibly_Mahamayuri_MET_DP161555.jpg",https://upload.wikimedia.org/wikipedia/commons/4/4f/%E5%94%90-%E4%BA%94%E4%BB%A3_%E8%8F%A9%E8%96%A9%E5%9C%96_%E8%BB%B8-Banner_with_Bodhisattva%2C_possibly_Mahamayuri_MET_DP161555.jpg?utm_source=commons.wikimedia.org&utm_campaign=imageinfo&utm_content=thumbnail_unscaled,CC0,http://creativecommons.org/publicdomain/zero/1.0/deed.en,,,9th–10th century,,,1600,3901,a363c2314c162c3fcfdde6f5d4eda218fa065c3b2cfc4ef7b546694ef1adb80d,review,PD/CC0 但缺卒年/出版年，补时间证据再 train（§2.1）。,2026-09-16T09:36:53Z
commons_Banner_with_Bodhisattva_possibly_Mahamayuri_MET_DP_16996_001,image.jpg,,commons,Wikimedia Commons,"https://commons.wikimedia.org/wiki/File:Banner_with_Bodhisattva,_possibly_Mahamayuri_MET_DP-16996-001.jpg",https://upload.wikimedia.org/wikipedia/commons/f/fd/Banner_with_Bodhisattva%2C_possibly_Mahamayuri_MET_DP-16996-001.jpg?utm_source=commons.wikimedia.org&utm_campaign=imageinfo&utm_content=thumbnail_unscaled,CC0,http://creativecommons.org/publicdomain/zero/1.0/deed.en,anonymous,,9th–10th century,,,1668,3568,025e1ff91e3fa3a6b7a66733e598ed64d48bd0844058690b28260669803feddc,review,PD/CC0 但缺卒年/出版年，补时间证据再 train（§2.1）。,2026-09-16T09:37:09Z
commons_Banner_with_Bodhisattva_possibly_Mahamayuri_jpg,image.jpg,00042.png,commons,Wikimedia Commons,"https://commons.wikimedia.org/wiki/File:Banner_with_Bodhisattva,_possibly_Mahamayuri.jpg",https://upload.wikimedia.org/wikipedia/commons/1/12/Banner_with_Bodhisattva%2C_possibly_Mahamayuri.jpg?utm_source=commons.wikimedia.org&utm_campaign=imageinfo&utm_content=thumbnail_unscaled,CC0,http://creativecommons.org/publicdomain/zero/1.0/deed.en,Unknown artistUnknown artist,,900,A,ritual,1600,3901,ad70588a49516a2d79dbcd4ade823294b1d763d7442395d964aba566101c7357,train,人工目检可留：敦煌幡画《菩萨立像》(Commons PD，取900)；莲台宝冠+条纹裙+团花带，平涂矿物色，A 族 ritual。,2026-09-16T06:49:05Z
commons_Binding_for_the_Mantiq_al_tayr_Language_of_the_Birds_MET_AD,image.jpeg,,commons,Wikimedia Commons,https://commons.wikimedia.org/wiki/File:Binding_for_the_Mantiq_al-tayr_(Language_of_the_Birds)_MET_AD-63.210.67e.jpeg,https://upload.wikimedia.org/wikipedia/commons/1/13/Binding_for_the_Mantiq_al-tayr_%28Language_of_the_Birds%29_MET_AD-63.210.67e.jpeg?utm_source=commons.wikimedia.org&utm_campaign=imageinfo&utm_content=thumbnail_unscaled,CC0,http://creativecommons.org/publicdomain/zero/1.0/deed.en,Attar of Nishapur,,"circa 1600date QS:P571,+1600-00-00T00:00:00Z/9,P1480,Q5727902",,,1373,1847,710b9de2715c695d4b46ca472fbc25133ceb04a3bfef41c3273d0c5c6b105f7d,review,PD/CC0 但缺卒年/出版年，补时间证据再 train（§2.1）。,2026-09-16T06:25:32Z
commons_Binding_for_the_Mantiq_al_tayr_Language_of_the_Birds_MET_DP2,image.jpg,00046.png,commons,Wikimedia Commons,https://commons.wikimedia.org/wiki/File:Binding_for_the_Mantiq_al-tayr_(Language_of_the_Birds)_MET_DP241783.jpg,https://upload.wikimedia.org/wikipedia/commons/1/15/Binding_for_the_Mantiq_al-tayr_%28Language_of_the_Birds%29_MET_DP241783.jpg?utm_source=commons.wikimedia.org&utm_campaign=imageinfo&utm_content=thumbnail_unscaled,CC0,http://creativecommons.org/publicdomain/zero/1.0/deed.en,Attar of Nishapur,,1600,F,ornament,2619,3875,0c2c9d68de18a844957fa0a1a0c7f941958646a7253c9f9a36123336260b5eef,train,人工目检可留：Mantiq al-tayr 皮面装帧(Met CC0，文件页 circa 1600)；金压印团花+阿拉贝斯+边饰，无情节，F 族 ornament。,2026-09-16T06:25:37Z
commons_Boats_upon_Waves_MET_49_35_3_d_jpg,image.jpg,00032.png,commons,Wikimedia Commons,https://commons.wikimedia.org/wiki/File:%E6%B3%A2%E3%81%AB%E8%88%9F%E5%9B%B3%E5%B1%8F%E9%A2%A8-Boats_upon_Waves_MET_49_35_3_d.jpg,https://upload.wikimedia.org/wikipedia/commons/7/7a/%E6%B3%A2%E3%81%AB%E8%88%9F%E5%9B%B3%E5%B1%8F%E9%A2%A8-Boats_upon_Waves_MET_49_35_3_d.jpg?utm_source=commons.wikimedia.org&utm_campaign=imageinfo&utm_content=thumbnail_unscaled,CC0,http://creativecommons.org/publicdomain/zero/1.0/deed.en,Tawara Sōtatsu,1643,mid- to late 17th century,E,water,1059,1056,068fd43e46be1805809fc7b7ba5cfea67543a4a08714460e71442222a20bff9c,train,"人工目检可留：《波に舟図屏風》(Met CC0, 49.35.3d)；金地卷浪+载人之舟，E 族 water。",2026-09-16T04:42:55Z
commons_Boats_upon_Waves_MET_DP262119_jpg,image.jpg,00031.png,commons,Wikimedia Commons,https://commons.wikimedia.org/wiki/File:%E6%B3%A2%E3%81%AB%E8%88%9F%E5%9B%B3%E5%B1%8F%E9%A2%A8-Boats_upon_Waves_MET_DP262119.jpg,https://upload.wikimedia.org/wikipedia/commons/b/b4/%E6%B3%A2%E3%81%AB%E8%88%9F%E5%9B%B3%E5%B1%8F%E9%A2%A8-Boats_upon_Waves_MET_DP262119.jpg?utm_source=commons.wikimedia.org&utm_campaign=imageinfo&utm_content=thumbnail_unscaled,CC0,http://creativecommons.org/publicdomain/zero/1.0/deed.en,Tawara Sōtatsu,1643,mid- to late 17th century,E,water,1456,1941,baa84df09cc674a0467adf7cd645779aeb89dfe274d64bda2bc4810309921e2c,train,"人工目检可留：《波に舟図屏風》(Met CC0, DP262119)；金地堆叠浪脊+小舟，E 族 water。",2026-09-16T04:42:49Z
commons_Boats_upon_Waves_MET_DP262129_jpg,image.jpg,00045.png,commons,Wikimedia Commons,https://commons.wikimedia.org/wiki/File:%E6%B3%A2%E3%81%AB%E8%88%9F%E5%9B%B3%E5%B1%8F%E9%A2%A8-Boats_upon_Waves_MET_DP262129.jpg,https://upload.wikimedia.org/wikipedia/commons/b/b5/%E6%B3%A2%E3%81%AB%E8%88%9F%E5%9B%B3%E5%B1%8F%E9%A2%A8-Boats_upon_Waves_MET_DP262129.jpg?utm_source=commons.wikimedia.org&utm_campaign=imageinfo&utm_content=thumbnail_unscaled,CC0,http://creativecommons.org/publicdomain/zero/1.0/deed.en,Tawara Sōtatsu,1643,mid- to late 17th century,E,water,1456,1941,f226d60e22ea36ade7048714be2433e6ccc2d377c30996ce01a10141ed440807,train,"人工目检可留：《波に舟図屏風》另一扇(Met CC0, DP262129，宗达卒1643)；金地浪脊+松岛小舟，E 族 water。",2026-09-16T04:43:05Z
commons_Boats_upon_Waves_MET_DP262130_jpg,image.jpg,,commons,Wikimedia Commons,https://commons.wikimedia.org/wiki/File:%E6%B3%A2%E3%81%AB%E8%88%9F%E5%9B%B3%E5%B1%8F%E9%A2%A8-Boats_upon_Waves_MET_DP262130.jpg,https://upload.wikimedia.org/wikipedia/commons/3/38/%E6%B3%A2%E3%81%AB%E8%88%9F%E5%9B%B3%E5%B1%8F%E9%A2%A8-Boats_upon_Waves_MET_DP262130.jpg?utm_source=commons.wikimedia.org&utm_campaign=imageinfo&utm_content=thumbnail_unscaled,CC0,http://creativecommons.org/publicdomain/zero/1.0/deed.en,Tawara Sōtatsu,,mid- to late 17th century,,,1444,1940,d83739c18be2f952702924e441d750c2b7242f0f5a5402597b224401e51b1816,review,PD/CC0 但缺卒年/出版年，补时间证据再 train（§2.1）。,2026-09-16T04:43:00Z
commons_Boats_upon_Waves_MET_DP264141_jpg,image.jpg,00030.png,commons,Wikimedia Commons,https://commons.wikimedia.org/wiki/File:%E6%B3%A2%E3%81%AB%E8%88%9F%E5%9B%B3%E5%B1%8F%E9%A2%A8-Boats_upon_Waves_MET_DP264141.jpg,https://upload.wikimedia.org/wikipedia/commons/e/e9/%E6%B3%A2%E3%81%AB%E8%88%9F%E5%9B%B3%E5%B1%8F%E9%A2%A8-Boats_upon_Waves_MET_DP264141.jpg?utm_source=commons.wikimedia.org&utm_campaign=imageinfo&utm_content=thumbnail_unscaled,CC0,http://creativecommons.org/publicdomain/zero/1.0/deed.en,Tawara Sōtatsu,1643,mid- to late 17th century,E,water,1979,903,090a3ee9caec7db6b691c999fec8943c113e2803ae3e47c205a4f89df95e52fb,train,"人工目检可留：《波に舟図屏風》(Met CC0, DP264141)；金地绿蓝浪脊+小舟，E 族 water。",2026-09-16T04:42:43Z
commons_Brooklyn_Museum_Khusraw_Discovers_Shirin_Bathing_From_Pictor,image.jpg,,commons,Wikimedia Commons,https://commons.wikimedia.org/wiki/File:Brooklyn_Museum_-_Khusraw_Discovers_Shirin_Bathing_From_Pictorial_Cycle_of_Eight_Poetic_Subjects.jpg,https://upload.wikimedia.org/wikipedia/commons/8/8a/Brooklyn_Museum_-_Khusraw_Discovers_Shirin_Bathing_From_Pictorial_Cycle_of_Eight_Poetic_Subjects.jpg?utm_source=commons.wikimedia.org&utm_campaign=imageinfo&utm_content=thumbnail_unscaled,PD,,Unknown authorUnknown author,,1540,B,water,768,760,1c1db8a3f5045ad00bc624685ff97cd5aea0a314ca43a93d135494d3b1487d24,review,风格可留（Khusraw 发现 Shirin 沐浴，池泳者+鱼+舟+马队，B 族 water）；但原图仅 768x760，短边 760 < 768，达不到 16gb 剖面门槛（§5.2），移出训练集暂存 data/crops/_hold（换高清源再入册）。,2026-09-16T03:18:38Z
commons_Buddhist_donatress_Chang_Mo_kao_Caves_jpg,image.jpg,,commons,Wikimedia Commons,"https://commons.wikimedia.org/wiki/File:Buddhist_donatress_Chang,_Mo-kao_Caves.jpg",https://upload.wikimedia.org/wikipedia/commons/e/e1/Buddhist_donatress_Chang%2C_Mo-kao_Caves.jpg?utm_source=commons.wikimedia.org&utm_campaign=imageinfo&utm_content=thumbnail_unscaled,PD,,Unknown authorUnknown author,,"10th centurydate QS:P,+950-00-00T00:00:00Z/7",,,1438,1291,686211d64455787b4f538e4f47e43af28b4eace8c1487569afa74cc68a483f6c,review,PD/CC0 但缺卒年/出版年，补时间证据再 train（§2.1）。,2026-09-16T06:48:59Z
commons_Chatra_from_The_Governor_s_Wife_Offering_jpg,image.jpg,,commons,Wikimedia Commons,https://commons.wikimedia.org/wiki/File:Chatra_from_The_Governor%27s_Wife_Offering.jpg,https://upload.wikimedia.org/wikipedia/commons/5/5b/Chatra_from_The_Governor%27s_Wife_Offering.jpg?utm_source=commons.wikimedia.org&utm_campaign=imageinfo&utm_content=thumbnail_unscaled,PD,,"Original author is unknown, restored and copied by Duan Wenjie in 1959.",,"8th centurydate QS:P,+750-00-00T00:00:00Z/7",,,1147,955,2e1663a5035a74b5b836b353a653b6ee07db54dc1aa7b6b81623b7ff423738d7,reject,拒：1959 段文杰(卒2011)复原临摹品，临摹层权利未清（§2.1/§2.3）。,2026-09-15T03:07:05Z
commons_Clarke_Gone_is_the_ancient_alchemist_1925_png,image.png,,commons,Wikimedia Commons,https://commons.wikimedia.org/wiki/File:Clarke_-_Gone_is_the_ancient_alchemist_(1925).png,https://upload.wikimedia.org/wikipedia/commons/e/e2/Clarke_-_Gone_is_the_ancient_alchemist_%281925%29.png?utm_source=commons.wikimedia.org&utm_campaign=imageinfo&utm_content=thumbnail_unscaled,PD,,Harry Clarke,,1925,,,854,408,1a1aa0bdd08db048029e3fa33492a4f798b5b17f2c92beba66ff2e49b090f9b8,reject,拒：短边408<640（§5.2）。,2026-09-14T05:31:35Z
commons_Clarke_The_Two_Distilleries_on_the_Same_Hill_1925_png,image.png,00016.png,commons,Wikimedia Commons,https://commons.wikimedia.org/wiki/File:Clarke_-_The_Two_Distilleries_on_the_Same_Hill_(1925).png,https://thumb.wikimedia.org/wikipedia/commons/thumb/e/ec/Clarke_-_The_Two_Distilleries_on_the_Same_Hill_%281925%29.png/3840px-Clarke_-_The_Two_Distilleries_on_the_Same_Hill_%281925%29.png?utm_source=commons.wikimedia.org&utm_campaign=imageinfo&utm_content=thumbnail,PD,,Harry Clarke,,1925,G,nature,3840,5299,56395274486562159fe0d75e52f3a847e075f19bf430b80741b7fa3eb664f4f9,train,人工目检可留：Harry Clarke(卒1931) 1925 插图 PD，3840x5299 大图；线描+平涂装饰，G 族；theme 暂定 nature，以 caption 为准。,2026-09-14T05:31:42Z
commons_Court_of_the_Indian_King_Heblar_from_a_Mongol_period_Kalila,image.jpg,00041.png,commons,Wikimedia Commons,"https://commons.wikimedia.org/wiki/File:Court_of_the_Indian_King,_Heblar,_from_a_Mongol_period_Kalila_and_Dimna_manuscript_(IUL_MS_F._1422).jpg",https://upload.wikimedia.org/wikipedia/commons/f/f2/Court_of_the_Indian_King%2C_Heblar%2C_from_a_Mongol_period_Kalila_and_Dimna_manuscript_%28IUL_MS_F._1422%29.jpg?utm_source=commons.wikimedia.org&utm_campaign=imageinfo&utm_content=thumbnail_unscaled,PD,,Unknown author,,1350,B,court,997,1329,1bbf4ead878a5d2f094778e513d68dc7c5ce9001695d55e8fc3b153f489ddfb2,train,人工目检可留：Kalila wa Dimna《印度王 Heblar 的宫廷》(Commons PD，取1350)；宝座+廷臣+花鸟，B 族 court。,2026-09-16T06:44:26Z
commons_Courtiers_present_gifts_to_a_ruler_Safavid_Shiraz_Iran_circa,image.jpg,00040.png,commons,Wikimedia Commons,"https://commons.wikimedia.org/wiki/File:Courtiers_present_gifts_to_a_ruler,_Safavid_Shiraz,_Iran,_circa_1560.jpg",https://upload.wikimedia.org/wikipedia/commons/5/52/Courtiers_present_gifts_to_a_ruler%2C_Safavid_Shiraz%2C_Iran%2C_circa_1560.jpg?utm_source=commons.wikimedia.org&utm_campaign=imageinfo&utm_content=thumbnail_unscaled,PD,,Christies.com,,1600,B,court,1764,3200,4fbe6e9cf4edfe542ca28c39ce3b39c48525f2cc8c653cdd0545eb459356ac58,train,人工目检可留：萨法维设拉子《廷臣献礼》(Commons PD，文件页 circa 1600)；宝座帐顶+金器+花卉地毯，B 族 court。,2026-09-16T06:43:57Z
commons_Dunhuang_Cave_220_Pipa_jpg,image.jpg,,commons,Wikimedia Commons,https://commons.wikimedia.org/wiki/File:Dunhuang_Cave_220_Pipa.jpg,https://upload.wikimedia.org/wikipedia/commons/e/e9/Dunhuang_Cave_220_Pipa.jpg?utm_source=commons.wikimedia.org&utm_campaign=imageinfo&utm_content=thumbnail_unscaled,PD,,"unknown artist, 1000 A.D. or earlier",,between 618 and 907,,,443,598,d63e37d00d65791ecd3b813ee99fc5bba8ff2b061632d3f3cf7b29fc5390e00c,reject,拒：短边443<640（§5.2）。,2026-09-15T03:06:34Z
commons_Dunhuang_Cave_220_zheng_jpg,image.jpg,,commons,Wikimedia Commons,"https://commons.wikimedia.org/wiki/File:Dunhuang_Cave_220,_zheng.jpg",https://upload.wikimedia.org/wikipedia/commons/8/80/Dunhuang_Cave_220%2C_zheng.jpg?utm_source=commons.wikimedia.org&utm_campaign=imageinfo&utm_content=thumbnail_unscaled,PD,,"unknown artist, 1000 A.D. or earlier",,between 618 and 907,,,439,598,5e3838296131bdb59050dbe48c3ad41e0df3bbd6591476ac2952ed1c84c45370,reject,拒：短边439<640（§5.2）。,2026-09-15T03:06:38Z
commons_Dunhuang_Cave_225_Konghou_jpg,image.jpg,,commons,Wikimedia Commons,"https://commons.wikimedia.org/wiki/File:Dunhuang_Cave_225,_Konghou.jpg",https://upload.wikimedia.org/wikipedia/commons/4/4c/Dunhuang_Cave_225%2C_Konghou.jpg?utm_source=commons.wikimedia.org&utm_campaign=imageinfo&utm_content=thumbnail_unscaled,PD,,"unknown artist, 1000 A.D. or earlier",,618-907 A.D.,,,474,598,a32910b4d50e56608696149895cdc2f28a71a8340b65158a6880ad2c3ea82fd3,reject,拒：短边474<640（§5.2）。,2026-09-15T03:06:41Z
commons_Dunhuang_Cave_299_Qin_jpg,image.jpg,,commons,Wikimedia Commons,"https://commons.wikimedia.org/wiki/File:Dunhuang_Cave_299,_Qin.jpg",https://upload.wikimedia.org/wikipedia/commons/a/ad/Dunhuang_Cave_299%2C_Qin.jpg?utm_source=commons.wikimedia.org&utm_campaign=imageinfo&utm_content=thumbnail_unscaled,PD,,"unknown artist, 1000 A.D. or earlier",,557-581,,,507,405,f45e583b2a60994028d7a450fb3abe6c84bbc8286aa51ec5f92f8c45384f0c66,reject,拒：短边405<640（§5.2）。,2026-09-15T03:06:44Z
commons_Dunhuang_Cave_428_Pipa_jpg,image.jpg,,commons,Wikimedia Commons,https://commons.wikimedia.org/wiki/File:Dunhuang_Cave_428_Pipa.jpg,https://upload.wikimedia.org/wikipedia/commons/7/76/Dunhuang_Cave_428_Pipa.jpg?utm_source=commons.wikimedia.org&utm_campaign=imageinfo&utm_content=thumbnail_unscaled,PD,,"unknown artist, 1000 A.D. or earlier",,557-581 A.D.,,,429,376,b27af90ace969c10ac35d3c645dd9a7a2189ae01e22f81c4f87b4f11426f2ec8,reject,拒：短边376<640（§5.2）。,2026-09-15T03:06:36Z
commons_Dunhuang_Zhang_Yichao_army_jpg,image.jpg,,commons,Wikimedia Commons,https://commons.wikimedia.org/wiki/File:Dunhuang_Zhang_Yichao_army.jpg,https://upload.wikimedia.org/wikipedia/commons/c/cf/Dunhuang_Zhang_Yichao_army.jpg?utm_source=commons.wikimedia.org&utm_campaign=imageinfo&utm_content=thumbnail_unscaled,PD,,Unknown authorUnknown author,,2011-11-29,,,1234,624,e2925a4e5c9af6fb5a1637883197f10437c903557bdc002eed5290708e9d3688,reject,拒：短边624<640（§5.2）；且标2011疑现代重绘，不纠缠。,2026-09-15T03:06:28Z
commons_Dunhuang_fresco_jpg,image.jpg,,commons,Wikimedia Commons,https://commons.wikimedia.org/wiki/File:Dunhuang_fresco.jpg,https://upload.wikimedia.org/wikipedia/commons/8/8e/Dunhuang_fresco.jpg?utm_source=commons.wikimedia.org&utm_campaign=imageinfo&utm_content=thumbnail_unscaled,PD,,Unknown authorUnknown author,,4th to 5th century,,,900,567,4b0cd353af858376ab8ead918f8347437beb31294beebb7c8b2d8b7fde1919e4,reject,拒：短边567<640（§5.2）。,2026-09-15T03:06:26Z
commons_E_S_Pits_Bilibina_by_K_Somov_1926_jpg,image.jpg,,commons,Wikimedia Commons,https://commons.wikimedia.org/wiki/File:E.S._Pits-Bilibina_by_K.Somov_(1926).jpg,https://upload.wikimedia.org/wikipedia/commons/e/e3/E.S._Pits-Bilibina_by_K.Somov_%281926%29.jpg?utm_source=commons.wikimedia.org&utm_campaign=imageinfo&utm_content=thumbnail_unscaled,PD,,Konstantin Somov,,"1926date QS:P571,+1926-00-00T00:00:00Z/9",,,899,1127,dc7b47816279892144a0dcc0d3369b7869a6fb86187f6de5f04ba108287e6a8c,reject,拒：Somov 现代肖像画，风格不匹配（§3.1）。,2026-09-14T05:27:11Z
commons_Enthronement_of_Luhrasp_Iran_17th_century_1_jpg,image.jpg,,commons,Wikimedia Commons,"https://commons.wikimedia.org/wiki/File:Enthronement_of_Luhrasp,_Iran,_17th_century_(1).jpg",https://upload.wikimedia.org/wikipedia/commons/7/7d/Enthronement_of_Luhrasp%2C_Iran%2C_17th_century_%281%29.jpg?utm_source=commons.wikimedia.org&utm_campaign=imageinfo&utm_content=thumbnail_unscaled,PD,,San Diego Museum of Art,,"17th centurydate QS:P,+1650-00-00T00:00:00Z/7",,,875,1343,79e8594fc3b2ece459c6512102cb786532791fa0fb437291be33e0d5fb5a0ea0,review,PD/CC0 但缺卒年/出版年，补时间证据再 train（§2.1）。,2026-09-16T06:19:09Z
commons_Enthronement_of_Luhrasp_Iran_17th_century_jpg,image.jpg,00036.png,commons,Wikimedia Commons,"https://commons.wikimedia.org/wiki/File:Enthronement_of_Luhrasp,_Iran,_17th_century.jpg",https://upload.wikimedia.org/wikipedia/commons/f/fd/Enthronement_of_Luhrasp%2C_Iran%2C_17th_century.jpg?utm_source=commons.wikimedia.org&utm_campaign=imageinfo&utm_content=thumbnail_unscaled,PD,,San Diego Museum of Art,,1650,B,court,850,1349,e9ceaa2ee68ba0298e11cbaf648c52ccac8963f95f5501e5df75e5408840b784,train,人工目检可留：《Luhrasp 登基》(Commons PD，文件页标伊朗17世纪，取1650)；宝座帐顶+廷臣列，B 族 court。,2026-09-16T06:19:03Z
commons_Enthronement_of_a_Young_Prince_Shapur_II_Folio_from_a_Yusuf,image.jpg,,commons,Wikimedia Commons,"https://commons.wikimedia.org/wiki/File:%22Enthronement_of_a_Young_Prince_(Shapur_II%3F)%22,_Folio_from_a_Yusuf_and_Zulaikha_of_Jami_MET_sf57-51-39-1r-2r.jpg",https://upload.wikimedia.org/wikipedia/commons/9/95/%22Enthronement_of_a_Young_Prince_%28Shapur_II%3F%29%22%2C_Folio_from_a_Yusuf_and_Zulaikha_of_Jami_MET_sf57-51-39-1r-2r.jpg?utm_source=commons.wikimedia.org&utm_campaign=imageinfo&utm_content=thumbnail_unscaled,CC0,http://creativecommons.org/publicdomain/zero/1.0/deed.en,Jami,,second half 16th century,,,1050,862,d94e11fa44da5b256bb6ab4fd7674297130000dff80a563937fa81bebf40f077,review,PD/CC0 但缺卒年/出版年，补时间证据再 train（§2.1）。,2026-09-16T06:18:58Z
commons_Flowering_Plum_and_Camellia_six_fold_screen_by_Suzuki_Kiits,image.jpg,,commons,Wikimedia Commons,"https://commons.wikimedia.org/wiki/File:%27Flowering_Plum_and_Camellia%27,_six-fold_screen_by_Suzuki_Kiitsu,_c._1850s,_ink_and_color_on_paper,_Japanese,_Honolulu_Academy_of_Arts.jpg",https://upload.wikimedia.org/wikipedia/commons/e/e6/%27Flowering_Plum_and_Camellia%27%2C_six-fold_screen_by_Suzuki_Kiitsu%2C_c._1850s%2C_ink_and_color_on_paper%2C_Japanese%2C_Honolulu_Academy_of_Arts.jpg?utm_source=commons.wikimedia.org&utm_campaign=imageinfo&utm_content=thumbnail_unscaled,PD,,Suzuki Kiitsu,,"circa 1850sdate QS:P571,+1850-00-00T00:00:00Z/8,P1480,Q5727902",,,2127,978,84f324ac520633bba7fcd2d6b3d400589637ba0129ea4425a130c3f171ff3c08,review,PD/CC0 但缺卒年/出版年，补时间证据再 train（§2.1）。,2026-09-16T04:43:37Z
commons_Harry_Clarke_photo_jpg,image.jpg,,commons,Wikimedia Commons,https://commons.wikimedia.org/wiki/File:Harry_Clarke_(photo).jpg,https://upload.wikimedia.org/wikipedia/commons/c/c8/Harry_Clarke_%28photo%29.jpg?utm_source=commons.wikimedia.org&utm_campaign=imageinfo&utm_content=thumbnail_unscaled,PD,,Lafayette Ltd,,"circa 1922date QS:P,+1922-00-00T00:00:00Z/9,P1480,Q5727902",,,698,875,b828e296d81b3fd114aa9bb3f6262aafafeb94f4803e850b1d426a3ce882e9a2,reject,拒：人物照片，非平面艺术品（§3.1）。,2026-09-14T05:27:19Z
commons_Harry_Clarke_signature_jpg,image.jpg,,commons,Wikimedia Commons,https://commons.wikimedia.org/wiki/File:Harry_Clarke_signature.jpg,https://thumb.wikimedia.org/wikipedia/commons/thumb/a/a5/Harry_Clarke_signature.jpg/3840px-Harry_Clarke_signature.jpg?utm_source=commons.wikimedia.org&utm_campaign=imageinfo&utm_content=thumbnail,CC0,http://creativecommons.org/publicdomain/zero/1.0/deed.en,Sheila1988,,2024-06-17 16:16:29,,,3840,2880,60f40c84f4e146961af4a26022f6f637515b0e06b8be7d2f48e43177990b8c37,reject,拒：签名，非艺术品（§3.1）。,2026-09-14T05:27:29Z
commons_History_Of_The_Afghans_translated_from_the_Persian_of_Neamet,image.jpg,,commons,Wikimedia Commons,https://commons.wikimedia.org/wiki/File:History_Of_The_Afghans_-_translated_from_the_Persian_of_Neamet_Ullah_by_Bernhard_Dorn.djvu,https://thumb.wikimedia.org/wikipedia/commons/thumb/5/5b/History_Of_The_Afghans_-_translated_from_the_Persian_of_Neamet_Ullah_by_Bernhard_Dorn.djvu/page1-1920px-History_Of_The_Afghans_-_translated_from_the_Persian_of_Neamet_Ullah_by_Bernhard_Dorn.djvu.jpg?utm_source=commons.wikimedia.org&utm_campaign=imageinfo&utm_content=thumbnail,PD,,Nimat Allah al-Harawi,,,,,1920,2361,db86df483148a3775d8eebb3e6be8e3f907b24236f02e36b445ec7680bef0d22,review,PD/CC0 但缺卒年/出版年，补时间证据再 train（§2.1）。,2026-09-16T06:44:14Z
commons_IO_Islamic_2448_f_65v_jpg,image.jpg,,commons,Wikimedia Commons,"https://commons.wikimedia.org/wiki/File:IO_Islamic_2448,_f._65v.jpg",https://upload.wikimedia.org/wikipedia/commons/8/84/IO_Islamic_2448%2C_f._65v.jpg?utm_source=commons.wikimedia.org&utm_campaign=imageinfo&utm_content=thumbnail_unscaled,PD,,18th century author/scribe,,1750,,,1049,1306,132c967e12101ead3bc9bf6545c5b32f4964200b26e22de6db07c02f97c0eb6c,train,license=PD 且时间合规；可 train。,2026-09-16T06:48:43Z
commons_Iranian_Courtiers_of_Shah_Abbas_I_Walters_W691A_jpg,image.jpg,00047.png,commons,Wikimedia Commons,https://commons.wikimedia.org/wiki/File:Iranian_-_Courtiers_of_Shah_%27Abbas_I_-_Walters_W691A.jpg,https://upload.wikimedia.org/wikipedia/commons/1/1f/Iranian_-_Courtiers_of_Shah_%27Abbas_I_-_Walters_W691A.jpg?utm_source=commons.wikimedia.org&utm_campaign=imageinfo&utm_content=thumbnail_unscaled,PD,,Anonymous (Iran)Unknown author,,1650,B,court,1130,1799,6984d863af29003935bf036c328e786e1144dcc339ee19a180b9411de89f8f4b,train,"人工目检可留：《阿拔斯一世宫廷群像》(Walters W691A, Commons PD，文件页 Safavid 17世纪，取1650)；廷臣列+持鹰者+花树地毯，B 族 court。",2026-09-16T06:43:52Z
commons_Ivan_Bilibin_111_gif,image.jpg,,commons,Wikimedia Commons,https://commons.wikimedia.org/wiki/File:Ivan_Bilibin_111.gif,https://upload.wikimedia.org/wikipedia/commons/8/80/Ivan_Bilibin_111.gif?utm_source=commons.wikimedia.org&utm_campaign=imageinfo&utm_content=thumbnail_unscaled,PD,,Ivan Bilibin,,1904,C,court,638,797,95b31428f2552448694210b0b7212ed537ed99fca38632b5431ceae50ca847a3,review,风格可留（Bilibin 卒1942 俄童话插图 PD，C 族）；但短边638<640，Commons 亦无更大版本，按 §5.2 移出训练集（三件套暂存 data/crops/_hold，换到高清源再入册）。,2026-09-14T05:27:06Z
commons_Ivan_Bilibin_112_gif,image.jpg,,commons,Wikimedia Commons,https://commons.wikimedia.org/wiki/File:Ivan_Bilibin_112.gif,https://upload.wikimedia.org/wikipedia/commons/b/b0/Ivan_Bilibin_112.gif?utm_source=commons.wikimedia.org&utm_campaign=imageinfo&utm_content=thumbnail_unscaled,PD,,Ivan Bilibin,,1904,C,court,621,800,e758aef4dc7f3977b415d907c51f6fec12577b50d6015a5a34a974f53804cc48,review,风格可留（Bilibin 1904 插图 PD，C 族）；但短边621<640，无更大版本，按 §5.2 移出训练集（暂存 data/crops/_hold）。,2026-09-14T05:27:08Z
commons_Ivan_Bilibin_789_jpg,image.jpg,,commons,Wikimedia Commons,https://commons.wikimedia.org/wiki/File:Ivan_Bilibin_789.jpg,https://upload.wikimedia.org/wikipedia/commons/3/3d/Ivan_Bilibin_789.jpg?utm_source=commons.wikimedia.org&utm_campaign=imageinfo&utm_content=thumbnail_unscaled,PD,,Ivan Bilibin,,1903,C,nature,564,701,09eb1e34afc1d1d6d4967fa86c8371e92bb1756661930158f4a594d03b54d10d,review,风格可留（Bilibin 1903 插图 PD，C 族）；但短边564<640，无更大版本，按 §5.2 移出训练集（暂存 data/crops/_hold）。,2026-09-14T05:27:13Z
commons_Ivan_Bilibin_illustration_for_the_epic_volga_19041_jpg,image.jpg,,commons,Wikimedia Commons,https://commons.wikimedia.org/wiki/File:Ivan_Bilibin_-_illustration-for-the-epic-volga-19041.jpg,https://upload.wikimedia.org/wikipedia/commons/5/5e/Ivan_Bilibin_-_illustration-for-the-epic-volga-19041.jpg?utm_source=commons.wikimedia.org&utm_campaign=imageinfo&utm_content=thumbnail_unscaled,PD,,Ivan Bilibin,,"before 1942date QS:P,+1942-00-00T00:00:00Z/7,P1326,+1942-00-00T00:00:00Z/9",,,452,600,f86c4e3065c59ab9b0f65c353094ffe912d1ab7cc4944641e34925d5f9f78984,reject,拒：短边452<640（§5.2）。,2026-09-14T05:27:17Z
commons_Ivan_Bilibin_illustration_for_the_fairy_tale_vasilisa_the_be,image.jpg,,commons,Wikimedia Commons,https://commons.wikimedia.org/wiki/File:Ivan_Bilibin_-_illustration-for-the-fairy-tale-vasilisa-the-beautiful-1900-41.jpg,https://upload.wikimedia.org/wikipedia/commons/4/43/Ivan_Bilibin_-_illustration-for-the-fairy-tale-vasilisa-the-beautiful-1900-41.jpg?utm_source=commons.wikimedia.org&utm_campaign=imageinfo&utm_content=thumbnail_unscaled,PD,,Ivan Bilibin,,1900,,,465,600,0d39b6d1d4fa140f4d8f5731b61c911ebaf7410b1ce8ec0cdb1b2e448fcbc0a4,train,license=PD 且时间合规；可 train。,2026-09-16T08:39:46Z
commons_Ivan_Bilibin_illustration_for_the_russian_fairy_story_maria,image.jpg,,commons,Wikimedia Commons,https://commons.wikimedia.org/wiki/File:Ivan_Bilibin_-_illustration-for-the-russian-fairy-story-maria-morevna-1900-61.jpg,https://upload.wikimedia.org/wikipedia/commons/0/0c/Ivan_Bilibin_-_illustration-for-the-russian-fairy-story-maria-morevna-1900-61.jpg?utm_source=commons.wikimedia.org&utm_campaign=imageinfo&utm_content=thumbnail_unscaled,PD,,Ivan Bilibin,,"circa 1901date QS:P,+1901-00-00T00:00:00Z/9,P1480,Q5727902",,,436,600,d9ea6b9bcaf4fb44a2078d452adb2d2129d4e694d1838db60a14afbf9a957d9e,review,PD/CC0 但缺卒年/出版年，补时间证据再 train（§2.1）。,2026-09-16T08:40:11Z
commons_Jonah_and_the_Whale_Folio_from_a_Jami_al_Tavarikh_Compendium,image.jpg,00037.png,commons,Wikimedia Commons,"https://commons.wikimedia.org/wiki/File:Jonah_and_the_Whale,_Folio_from_a_Jami_al-Tavarikh_(Compendium_of_Chronicles).jpg",https://upload.wikimedia.org/wikipedia/commons/4/48/Jonah_and_the_Whale%2C_Folio_from_a_Jami_al-Tavarikh_%28Compendium_of_Chronicles%29.jpg?utm_source=commons.wikimedia.org&utm_campaign=imageinfo&utm_content=thumbnail_unscaled,PD,,Unknown authorUnknown author,,1400,B,nature,3802,2595,26f789eeef9ad19543d17009f2ba6af1c2510b59a12595ba305d84798fd58d5d,train,人工目检可留：《约拿出鱼口》页(Commons PD，Jami al-Tavarikh，取1400)；花树+有翼侍者+山石草木，B 族 nature。,2026-09-16T03:18:22Z
commons_Jonah_and_the_Whale_Folio_from_a_Majma_al_Tavarikh_Compendi,image.jpg,,commons,Wikimedia Commons,"https://commons.wikimedia.org/wiki/File:%22Jonah_and_the_Whale%22,_Folio_from_a_Majma%27_al-Tavarikh_(Compendium_of_Histories)_of_Hafiz-i_Abru_MET_163174.jpg",https://upload.wikimedia.org/wikipedia/commons/6/67/%22Jonah_and_the_Whale%22%2C_Folio_from_a_Majma%27_al-Tavarikh_%28Compendium_of_Histories%29_of_Hafiz-i_Abru_MET_163174.jpg?utm_source=commons.wikimedia.org&utm_campaign=imageinfo&utm_content=thumbnail_unscaled,CC0,http://creativecommons.org/publicdomain/zero/1.0/deed.en,Creator:Hafiz-i Abru,,"circa 1425date QS:P571,+1425-00-00T00:00:00Z/9,P1480,Q5727902",,,900,1140,0bfe48d996119063500c63c46112582552c94bb77d8717456c173e5fc3313f59,review,PD/CC0 但缺卒年/出版年，补时间证据再 train（§2.1）。,2026-09-16T03:18:27Z
commons_Jonah_is_thrown_into_the_mouth_of_a_whale_Spieghel_der_mensc,image.png,,commons,Wikimedia Commons,"https://commons.wikimedia.org/wiki/File:Jonah_is_thrown_into_the_mouth_of_a_whale_(Spieghel_der_menscheliker_behoudenisse,_c.1410_-_British_Library,_Add._ms._11575,_fol._65v).png",https://upload.wikimedia.org/wikipedia/commons/0/0c/Jonah_is_thrown_into_the_mouth_of_a_whale_%28Spieghel_der_menscheliker_behoudenisse%2C_c.1410_-_British_Library%2C_Add._ms._11575%2C_fol._65v%29.png?utm_source=commons.wikimedia.org&utm_campaign=imageinfo&utm_content=thumbnail_unscaled,PD,,AnonymousUnknown author,,"circa 1410date QS:P,+1410-00-00T00:00:00Z/9,P1480,Q5727902",,,824,830,46c23221cd3503ac0b516804da114ed76cbac5cb4dfc9b82b00cfbd65eb38f9d,reject,拒：欧洲尼德兰抄本灰褐淡彩+文字栏，非矿物色平涂（§3.1，同 met_470309）。,2026-09-16T03:18:31Z
commons_K_rin_Matsushima_jpg,image.jpg,00050.png,commons,Wikimedia Commons,https://commons.wikimedia.org/wiki/File:K%C3%B4rin_Matsushima.jpg,https://upload.wikimedia.org/wikipedia/commons/9/94/K%C3%B4rin_Matsushima.jpg?utm_source=commons.wikimedia.org&utm_campaign=imageinfo&utm_content=thumbnail_unscaled,PD,,Ogata Kôrin,1716,"before 1716date QS:P,+1716-00-00T00:00:00Z/7,P1326,+1716-00-00T00:00:00Z/9",E,water,1433,1385,2ebafa3f594e72c0ace81123f0c21a05a4bc29e9d961460be0df2f1943ec75bd,train,人工目检可留：尾形光琳《松岛图》(Commons PD，光琳卒1716)；金地梳状浪纹+绿赭岩岛+黑松，E 族 water；替换短边不足的 00024。,2026-09-16T04:30:33Z
commons_Kalila_Upbraiding_Dimna_Folio_from_a_Kalila_wa_Dimna_MET_DP,image.jpg,00048.png,commons,Wikimedia Commons,"https://commons.wikimedia.org/wiki/File:%22Kalila_Upbraiding_Dimna%22,_Folio_from_a_Kalila_wa_Dimna_MET_DP300745.jpg",https://upload.wikimedia.org/wikipedia/commons/2/28/%22Kalila_Upbraiding_Dimna%22%2C_Folio_from_a_Kalila_wa_Dimna_MET_DP300745.jpg?utm_source=commons.wikimedia.org&utm_campaign=imageinfo&utm_content=thumbnail_unscaled,CC0,http://creativecommons.org/publicdomain/zero/1.0/deed.en,,,1750,B,nature,2860,3779,f1741f0699e63b6b553d847fd1cbecc38a5fcdb81a8352bf4ad7d1df21f14951,train,人工目检可留：Kalila wa Dimna《Kalila 斥 Dimna》(Met CC0，文件页18世纪，取1750)；双豺对峙+棕榈+纹样坡地，B 族 nature。,2026-09-16T06:24:56Z
commons_Kalila_Upbraiding_Dimna_Folio_from_a_Kalila_wa_Dimna_MET_sf,image.jpg,,commons,Wikimedia Commons,"https://commons.wikimedia.org/wiki/File:%22Kalila_Upbraiding_Dimna%22,_Folio_from_a_Kalila_wa_Dimna_MET_sf1981-373-43a.jpg",https://upload.wikimedia.org/wikipedia/commons/d/d2/%22Kalila_Upbraiding_Dimna%22%2C_Folio_from_a_Kalila_wa_Dimna_MET_sf1981-373-43a.jpg?utm_source=commons.wikimedia.org&utm_campaign=imageinfo&utm_content=thumbnail_unscaled,CC0,http://creativecommons.org/publicdomain/zero/1.0/deed.en,,,"18th centurydate QS:P571,+1750-00-00T00:00:00Z/7",,,900,1196,d5053410b3d1be69b930ba97bd092dd3c04d1f532422b7cce46e721d106c3954,review,PD/CC0 但缺卒年/出版年，补时间证据再 train（§2.1）。,2026-09-16T06:24:50Z
commons_Kalila_Visits_the_Imprisoned_Dimna_Folio_from_a_Kalila_wa_D,image.jpg,00039.png,commons,Wikimedia Commons,"https://commons.wikimedia.org/wiki/File:%22Kalila_Visits_the_Imprisoned_Dimna%22,_Folio_from_a_Kalila_wa_Dimna_MET_DP300749.jpg",https://upload.wikimedia.org/wikipedia/commons/2/2a/%22Kalila_Visits_the_Imprisoned_Dimna%22%2C_Folio_from_a_Kalila_wa_Dimna_MET_DP300749.jpg?utm_source=commons.wikimedia.org&utm_campaign=imageinfo&utm_content=thumbnail_unscaled,CC0,http://creativecommons.org/publicdomain/zero/1.0/deed.en,,,1500,B,nature,900,1198,def9d26e95cb7557f0e58d2919d038679dc2a256384f9d8aa46ad99ef209f559,train,人工目检可留：Kalila wa Dimna《探视被囚之 Dimna》(Commons PD，取1500)；岩穴+飞鸟+花树，B 族 nature。,2026-09-16T06:25:05Z
commons_Kalila_wa_Dimna_1_jpg,image.jpg,00038.png,commons,Wikimedia Commons,https://commons.wikimedia.org/wiki/File:Kalila-wa-Dimna_1.jpg,https://upload.wikimedia.org/wikipedia/commons/f/fe/Kalila-wa-Dimna_1.jpg?utm_source=commons.wikimedia.org&utm_campaign=imageinfo&utm_content=thumbnail_unscaled,PD,,,,1500,B,nature,2010,2628,493230ca2c6741efc5960e931317771761b9f3904f3bbcc98646168a5c2246ff,train,人工目检可留：Kalila wa Dimna 寓言插图(Commons PD，取1500)；花树下豺+枝头鸟+山石花草，B 族 nature。,2026-09-16T06:24:40Z
commons_Khusraw_spies_Shirin_bathing_38v_Tabriz_1501_1510_addition_b,image.jpg,,commons,Wikimedia Commons,"https://commons.wikimedia.org/wiki/File:Khusraw_spies_Shirin_bathing_(38v)._Tabriz,_1501-1510_addition_by_Shah_Ismail_(Istanbul,_Topkapi_H._762).jpg",https://upload.wikimedia.org/wikipedia/commons/e/e8/Khusraw_spies_Shirin_bathing_%2838v%29._Tabriz%2C_1501-1510_addition_by_Shah_Ismail_%28Istanbul%2C_Topkapi_H._762%29.jpg?utm_source=commons.wikimedia.org&utm_campaign=imageinfo&utm_content=thumbnail_unscaled,PD,,1501-1510 addition by Shah Ismail,,"from 1501 until 1510date QS:P,+1550-00-00T00:00:00Z/7,P580,+1501-00-00T00:00:00Z/9,P582,+1510-00-00T00:00:00Z/9",,,1972,2967,9dc638422acfd2d218751d2037cf6fc8f654d4d67fa0fc6fc6fbf5290d0f1fb1,reject,拒：淡淡水彩，矿物色不足（§3.1，同 met_450605）。,2026-09-16T03:18:48Z
commons_Khusraw_watches_Shirin_bathing_jpg,image.jpg,00022.png,commons,Wikimedia Commons,https://commons.wikimedia.org/wiki/File:Khusraw_watches_Shirin_bathing.jpg,https://thumb.wikimedia.org/wikipedia/commons/thumb/6/6b/Khusraw_watches_Shirin_bathing.jpg/3840px-Khusraw_watches_Shirin_bathing.jpg?utm_source=commons.wikimedia.org&utm_campaign=imageinfo&utm_content=thumbnail,CC0,http://creativecommons.org/publicdomain/zero/1.0/deed.en,Attributed to Sultan Muhammad,,1540,B,water,3840,5462,dc2a138ef3c3beb451ffb60c0620c2b84c5b957d7bfc6db048c55926b68af3ec,train,人工目检可留：《Khusraw 窥 Shirin 沐浴》(Commons CC0，文件页 1539–1543，取1540)；莲池泳者+鱼+小舟+纹样山坡，平涂矿物色，B 族 water。,2026-09-16T03:18:43Z
commons_KorinsScreen_webp,image.jpg,00044.png,commons,Wikimedia Commons,https://commons.wikimedia.org/wiki/File:KorinsScreen.webp,https://upload.wikimedia.org/wikipedia/commons/1/17/KorinsScreen.webp?utm_source=commons.wikimedia.org&utm_campaign=imageinfo&utm_content=thumbnail_unscaled,PD,,Ogata Kōrin,,1710,E,nature,1752,759,46367b60acf191dd7c7b8ba21f3bf21a0c587897fd48cc2edf450d5dc981f75c,train,人工目检可留：光琳屏风《梅树》(Commons PD，取1710)；金地白梅+虬枝+下方水纹带，E 族 nature。,2026-09-16T04:30:55Z
commons_L_on_Bakst_btv1b70020720_jpg,image.jpg,,commons,Wikimedia Commons,https://commons.wikimedia.org/wiki/File:L%C3%A9on_Bakst_-_btv1b70020720.jpg,https://thumb.wikimedia.org/wikipedia/commons/thumb/8/88/L%C3%A9on_Bakst_-_btv1b70020720.jpg/3840px-L%C3%A9on_Bakst_-_btv1b70020720.jpg?utm_source=commons.wikimedia.org&utm_campaign=imageinfo&utm_content=thumbnail,PD,,,,"20th centurydate QS:P571,+1950-00-00T00:00:00Z/7",,,3840,5535,3dcd28ebdce28648003e794f1e70a1a58673497cde9c2c4aea6d2b5a4e775fc8,reject,拒：Bakst 肖像照片（目检确认），非艺术品（§3.1）。,2026-09-14T05:28:08Z
commons_L_on_Bakst_debout_dans_un_salon_d_appartement_photo_de_Choum,image.jpg,,commons,Wikimedia Commons,https://commons.wikimedia.org/wiki/File:L%C3%A9on_Bakst_(debout_dans_un_salon_d%27appartement)_-_photo_de_Choumoff_-_btv1b70020705.jpg,https://thumb.wikimedia.org/wikipedia/commons/thumb/5/58/L%C3%A9on_Bakst_%28debout_dans_un_salon_d%27appartement%29_-_photo_de_Choumoff_-_btv1b70020705.jpg/3840px-L%C3%A9on_Bakst_%28debout_dans_un_salon_d%27appartement%29_-_photo_de_Choumoff_-_btv1b70020705.jpg?utm_source=commons.wikimedia.org&utm_campaign=imageinfo&utm_content=thumbnail,PD,,"Choumoff, Pierre (1872-1936). Photographe",,"20th centurydate QS:P571,+1950-00-00T00:00:00Z/7",,,3840,5470,288ba8b520816d990a565bed550c8a6fa886ec43fbf38824f59a35a58cd43602,reject,拒：照片（§3.1）。,2026-09-14T05:28:32Z
commons_L_on_Bakst_en_tenue_de_peintre_un_crayon_dans_la_main_droite,image.jpg,,commons,Wikimedia Commons,"https://commons.wikimedia.org/wiki/File:L%C3%A9on_Bakst_(en_tenue_de_peintre,_un_crayon_dans_la_main_droite)_-_btv1b70020683.jpg",https://thumb.wikimedia.org/wikipedia/commons/thumb/6/6e/L%C3%A9on_Bakst_%28en_tenue_de_peintre%2C_un_crayon_dans_la_main_droite%29_-_btv1b70020683.jpg/3840px-L%C3%A9on_Bakst_%28en_tenue_de_peintre%2C_un_crayon_dans_la_main_droite%29_-_btv1b70020683.jpg?utm_source=commons.wikimedia.org&utm_campaign=imageinfo&utm_content=thumbnail,PD,,"Choumoff, Pierre (1872-1936). Photographe",,"20th centurydate QS:P571,+1950-00-00T00:00:00Z/7",,,3840,5470,4784810a347a012c3936a888180aee80872005d0f8245c41d7acb9a0e41f6221,reject,拒：照片（§3.1）。,2026-09-14T05:27:54Z
commons_Lady_Wang_mural_Mogao_cave_130_Detail_jpg,image.jpg,,commons,Wikimedia Commons,"https://commons.wikimedia.org/wiki/File:Lady_Wang_mural,_Mogao_cave_130_(Detail).jpg",https://upload.wikimedia.org/wikipedia/commons/6/6d/Lady_Wang_mural%2C_Mogao_cave_130_%28Detail%29.jpg?utm_source=commons.wikimedia.org&utm_campaign=imageinfo&utm_content=thumbnail_unscaled,PD,,罗寄梅,,1943,,,600,832,e33dacd1f59d5db997979d3748c255b265dd7ade73e2c71cc05ee23be1bcbcbc,reject,拒：短边600<640（§5.2）。,2026-09-15T03:06:56Z
commons_Lady_Wang_mural_Mogao_cave_130_jpg,image.jpg,,commons,Wikimedia Commons,"https://commons.wikimedia.org/wiki/File:Lady_Wang_mural,_Mogao_cave_130.jpg",https://upload.wikimedia.org/wikipedia/commons/8/8f/Lady_Wang_mural%2C_Mogao_cave_130.jpg?utm_source=commons.wikimedia.org&utm_campaign=imageinfo&utm_content=thumbnail_unscaled,PD,,罗寄梅,,1943,,,600,448,5f9b6e9b16cf610def9f0fdd0e270beb691bac2b6afa53d55bf8ac9be88c06a8,reject,拒：短边448<640（§5.2）。,2026-09-15T03:06:54Z
commons_Manuscript_Middle_Eastern_miniature_court_scene_jpg,image.jpg,,commons,Wikimedia Commons,https://commons.wikimedia.org/wiki/File:Manuscript_Middle-Eastern_miniature_court_scene.jpg,https://upload.wikimedia.org/wikipedia/commons/a/ab/Manuscript_Middle-Eastern_miniature_court_scene.jpg?utm_source=commons.wikimedia.org&utm_campaign=imageinfo&utm_content=thumbnail_unscaled,PD,,"Writer: Abu'l-Ma'ali Nasrallah
Illustrator: Unknown authorUnknown author
Photographer: Werner Forman",,"14th centurydate QS:P,+1350-00-00T00:00:00Z/7",,,2140,2800,b26152c4987a99b7061478a5cf69e28bcb3b3a131d346a1d003668722b8784f2,review,PD/CC0 但缺卒年/出版年，补时间证据再 train（§2.1）。,2026-09-16T06:44:21Z
commons_Mogao_Cave_288_Devatas_at_the_Balcony_Western_Wei_period_jpg,image.jpg,00006.png,commons,Wikimedia Commons,"https://commons.wikimedia.org/wiki/File:Mogao_Cave_288,_Devatas_at_the_Balcony,_Western_Wei_period.jpg",https://upload.wikimedia.org/wikipedia/commons/f/ff/Mogao_Cave_288%2C_Devatas_at_the_Balcony%2C_Western_Wei_period.jpg?utm_source=commons.wikimedia.org&utm_campaign=imageinfo&utm_content=thumbnail_unscaled,PD,,"unknown artist, Western Wei mural (photo of PD 2D artwork, PD-Art)",,550,A,ritual,2309,1195,b7cc56908a2ff3ad7726edff04e318fbe27ea3c1be1d8b8c388be056baa0725b,train,人工目检可留：西魏(ca.550)莫高窟288窟天宫伎乐；石绿/石青/赭红矿物色平涂，A 族 ritual；2309x1195 可裁切。,2026-09-15T03:06:31Z
commons_Muraqqa_e_Golshan_Page_106_jpg,image.jpg,00027.png,commons,Wikimedia Commons,https://commons.wikimedia.org/wiki/File:Muraqqa-e_Golshan_(Page_106).jpg,https://upload.wikimedia.org/wikipedia/commons/1/16/Muraqqa-e_Golshan_%28Page_106%29.jpg?utm_source=commons.wikimedia.org&utm_campaign=imageinfo&utm_content=thumbnail_unscaled,PD,,Unknown artistUnknown artist,,1600,F,ornament,2307,3504,6c17b88aade353ce83ef651d9c30c7127d4f258152433ed095ad3ce9933b0523,train,人工目检可留：Muraqqa-e Golshan 第106页上部金饰面板(Commons PD)；蓝地金阿拉贝斯+红金团花，无情节，F 族 ornament；裁上部图案区。,2026-09-16T03:19:00Z
commons_Painting_by_Shah_ahm_sp_made_for_his_brother_Bahr_m_Mirz_jpg,image.jpg,,commons,Wikimedia Commons,https://commons.wikimedia.org/wiki/File:Painting_by_Shah_%E1%B9%ACahm%C4%81sp_made_for_his_brother_Bahr%C4%81m_Mirz%C4%81.jpg,https://upload.wikimedia.org/wikipedia/commons/8/82/Painting_by_Shah_%E1%B9%ACahm%C4%81sp_made_for_his_brother_Bahr%C4%81m_Mirz%C4%81.jpg?utm_source=commons.wikimedia.org&utm_campaign=imageinfo&utm_content=thumbnail_unscaled,PD,,Shah Tahmasp I,,"1520sdate QS:P571,+1520-00-00T00:00:00Z/8",,,859,1117,86eb48b21661d95823bee9a6be2032db4ef1285eb51aa84c83f1aedd9a5df79e,review,PD/CC0 但缺卒年/出版年，补时间证据再 train（§2.1）。,2026-09-16T06:44:03Z
commons_Painting_of_the_folk_tale_Sohni_Mahiwal_Mughal_ca_1700_50_jp,image.jpg,00043.png,commons,Wikimedia Commons,"https://commons.wikimedia.org/wiki/File:Painting_of_the_folk-tale_Sohni-Mahiwal,_Mughal,_ca.1700%E2%80%9350.jpg",https://upload.wikimedia.org/wikipedia/commons/5/50/Painting_of_the_folk-tale_Sohni-Mahiwal%2C_Mughal%2C_ca.1700%E2%80%9350.jpg?utm_source=commons.wikimedia.org&utm_campaign=imageinfo&utm_content=thumbnail_unscaled,PD,,Unknown authorUnknown author,,1725,B,court,2500,1768,3abbbfb2a10ab06167f800a562e72268bcb36f0a7c28b4cc1561f82ae9e50fca,train,人工目检可留：《Sohni-Mahiwal》上部宫廷集会(Commons PD，文件页 ca.1700-50，取1725)；金天+宫台+廷臣+花树，B 族 court；裁上部画幅带。,2026-09-16T04:07:17Z
commons_Painting_showing_Dara_Shikoh_Mullah_Shah_Badakhshi_in_meetin,image.jpg,,commons,Wikimedia Commons,"https://commons.wikimedia.org/wiki/File:Painting_showing_Dara_Shikoh,_Mullah_Shah_Badakhshi_in_meeting_with_Hazrat_Mian_Mir_in_background_of_river_and_tree_at_Lahore,_circa_17th_century.jpg",https://upload.wikimedia.org/wikipedia/commons/8/84/Painting_showing_Dara_Shikoh%2C_Mullah_Shah_Badakhshi_in_meeting_with_Hazrat_Mian_Mir_in_background_of_river_and_tree_at_Lahore%2C_circa_17th_century.jpg?utm_source=commons.wikimedia.org&utm_campaign=imageinfo&utm_content=thumbnail_unscaled,PD,,Chitarman,,circa 17th century,,,540,960,5e6d69b8e363b2634335a86a417e5da21840ff41728e04f095cfa0b8e143b434,review,PD/CC0 但缺卒年/出版年，补时间证据再 train（§2.1）。,2026-09-16T04:07:13Z
commons_Plowing_one_of_a_pair_of_screens_attributed_to_Tawaraya_S_t,image.jpg,,commons,Wikimedia Commons,"https://commons.wikimedia.org/wiki/File:%27Plowing%27,_one_of_a_pair_of_screens_attributed_to_Tawaraya_S%C3%B4tatsu.jpg",https://upload.wikimedia.org/wikipedia/commons/d/d7/%27Plowing%27%2C_one_of_a_pair_of_screens_attributed_to_Tawaraya_S%C3%B4tatsu.jpg?utm_source=commons.wikimedia.org&utm_campaign=imageinfo&utm_content=thumbnail_unscaled,PD,,Attributed to Tawara Sōtatsu,,"circa 1630date QS:P571,+1630-00-00T00:00:00Z/9,P1480,Q5727902s",,,1064,444,113a6311327ce81906df8079100f884fac0f27423abebc31710a6168b8d683da,review,PD/CC0 但缺卒年/出版年，补时间证据再 train（§2.1）。,2026-09-16T04:43:32Z
commons_Poet_Lore_volume_3_1891_djvu,image.jpg,,commons,Wikimedia Commons,"https://commons.wikimedia.org/wiki/File:Poet_Lore,_volume_3,_1891.djvu",https://thumb.wikimedia.org/wikipedia/commons/thumb/8/89/Poet_Lore%2C_volume_3%2C_1891.djvu/page1-1920px-Poet_Lore%2C_volume_3%2C_1891.djvu.jpg?utm_source=commons.wikimedia.org&utm_campaign=imageinfo&utm_content=thumbnail,PD,,,,,,,1920,3004,de82b86ab68a8c5bf422d3190635a1c6dc8467c6b2401f2a7ed6e4c7587eae69,review,PD/CC0 但缺卒年/出版年，补时间证据再 train（§2.1）。,2026-09-16T06:48:09Z
commons_Portrait_of_Lady_Wang_Governor_s_Wife_05_2013_12_JPG,image.jpg,,commons,Wikimedia Commons,"https://commons.wikimedia.org/wiki/File:Portrait_of_Lady_Wang,_Governor%27s_Wife_05_2013-12.JPG",https://thumb.wikimedia.org/wikipedia/commons/thumb/d/d3/Portrait_of_Lady_Wang%2C_Governor%27s_Wife_05_2013-12.JPG/3840px-Portrait_of_Lady_Wang%2C_Governor%27s_Wife_05_2013-12.JPG?utm_source=commons.wikimedia.org&utm_campaign=imageinfo&utm_content=thumbnail,PD,,"Original author is unknown, restored and copied by Duan Wenjie in 1959.",,2013-12-28 15:57:05,,,3840,2880,6bf75c4b181d4cf2032a95ded34b4863526cc186d98eb258ec22bd24ffbb66b2,reject,拒：1959 段文杰复原临摹品（§2）。,2026-09-15T03:06:51Z
commons_Portrait_of_Lady_Wang_Governor_s_Wife_05_2013_12_cropped_JPG,image.jpg,,commons,Wikimedia Commons,"https://commons.wikimedia.org/wiki/File:Portrait_of_Lady_Wang,_Governor%27s_Wife_05_2013-12_(cropped).JPG",https://upload.wikimedia.org/wikipedia/commons/7/77/Portrait_of_Lady_Wang%2C_Governor%27s_Wife_05_2013-12_%28cropped%29.JPG?utm_source=commons.wikimedia.org&utm_campaign=imageinfo&utm_content=thumbnail_unscaled,PD,,​原作者未知，1959年由已故敦煌学家段文杰复原临摹,,2013-12-28 15:57:05,,,1556,1556,c76027625e0f4df5f8049c03f81eaf7b083b44257d135f8fdc1694b153d4007d,reject,拒：1959 段文杰复原临摹品裁切版（§2）。,2026-09-15T03:07:00Z
commons_Rimpa_SpringLandscape_jpg,image.jpg,,commons,Wikimedia Commons,https://commons.wikimedia.org/wiki/File:Rimpa-SpringLandscape.jpg,https://upload.wikimedia.org/wikipedia/commons/b/b1/Rimpa-SpringLandscape.jpg?utm_source=commons.wikimedia.org&utm_campaign=imageinfo&utm_content=thumbnail_unscaled,PD,,,,,,,600,277,e8f0d7dbcf9d7823a492b70053cb0f7f8b51df16663b6f5efc595950f1849fa3,review,PD/CC0 但缺卒年/出版年，补时间证据再 train（§2.1）。,2026-09-16T04:43:27Z
commons_Rough_Waves_by_Ogata_K_rin_jpg,image.jpg,,commons,Wikimedia Commons,https://commons.wikimedia.org/wiki/File:Rough_Waves_by_Ogata_K%C5%8Drin.jpg,https://upload.wikimedia.org/wikipedia/commons/b/b5/Rough_Waves_by_Ogata_K%C5%8Drin.jpg?utm_source=commons.wikimedia.org&utm_campaign=imageinfo&utm_content=thumbnail_unscaled,PD,,Ogata Kōrin,,"18th centurydate QS:P,+1750-00-00T00:00:00Z/7",,,1693,1500,6a68f8900ad91cd901132024fe0ca420798f8f8ccf29bb7146502fcd614ead81,review,PD/CC0 但缺卒年/出版年，补时间证据再 train（§2.1）。,2026-09-16T04:30:43Z
commons_Rough_waves_Ogata_K_rin_jpg,image.jpg,,commons,Wikimedia Commons,https://commons.wikimedia.org/wiki/File:Rough_waves_(Ogata_K%C5%8Drin).jpg,https://upload.wikimedia.org/wikipedia/commons/7/7c/Rough_waves_%28Ogata_K%C5%8Drin%29.jpg?utm_source=commons.wikimedia.org&utm_campaign=imageinfo&utm_content=thumbnail_unscaled,PD,,Ogata Kōrin,,Unknown date,,,1280,1137,2f70d4f0de126a7f2484cf72d55bc04fb7bfeff93a1e81497cb716e1d3af2602,reject,拒：水墨浪纹+题字，非矿物色平涂（§3.1，同 met_39901）。,2026-09-16T04:30:38Z
commons_Sadi7_jpg,image.jpg,,commons,Wikimedia Commons,https://commons.wikimedia.org/wiki/File:Sadi7.jpg,https://upload.wikimedia.org/wikipedia/commons/1/1b/Sadi7.jpg?utm_source=commons.wikimedia.org&utm_campaign=imageinfo&utm_content=thumbnail_unscaled,PD,,Calligrapher: 'Abd al-Rashid Daylami (attr.),,"17th centurydate QS:P,+1650-00-00T00:00:00Z/7",,,2638,4045,d4c0a584fc15bd7f82b54fc5880b1007db182d5074d5158c82cd18707817dab2,review,PD/CC0 但缺卒年/出版年，补时间证据再 train（§2.1）。,2026-09-16T06:48:38Z
commons_Serdar_Ferhat_Pasha_s_conquest_of_Revan_Yerevan_and_the_Tokm,image.jpg,,commons,Wikimedia Commons,"https://commons.wikimedia.org/wiki/File:Serdar_Ferhat_Pasha%27s_conquest_of_Revan_(Yerevan)_and_the_Tokmak_(Tokhmaq_Khan_Ustajlu)_infidel%27s_escape_to_the_G%C3%B6k%C3%A7e_Sea_(Lake_Sevan,_Armenia)_and_her_destruction_(101b).jpg",https://upload.wikimedia.org/wikipedia/commons/7/79/Serdar_Ferhat_Pasha%27s_conquest_of_Revan_%28Yerevan%29_and_the_Tokmak_%28Tokhmaq_Khan_Ustajlu%29_infidel%27s_escape_to_the_G%C3%B6k%C3%A7e_Sea_%28Lake_Sevan%2C_Armenia%29_and_her_destruction_%28101b%29.jpg?utm_source=commons.wikimedia.org&utm_campaign=imageinfo&utm_content=thumbnail_unscaled,PD,,1581-1588 artist,,"between 1582 and 1588date QS:P,+1582-00-00T00:00:00Z/8,P1319,+1582-00-00T00:00:00Z/9,P1326,+1588-00-00T00:00:00Z/9",,,1650,2552,5a0f5f2cf424f1c1c5c16456a12c1f3f567b7c250232191304a2beb96be49911,review,PD/CC0 但缺卒年/出版年，补时间证据再 train（§2.1）。,2026-09-16T04:07:32Z
commons_Shah_Alam_II_1759_1806_the_blind_mughal_Emperor_seated_on_a,image.jpg,,commons,Wikimedia Commons,"https://commons.wikimedia.org/wiki/File:Shah_Alam_II_(1759-1806),_the_blind_mughal_Emperor,_seated_on_a_golden_throne..jpg",https://upload.wikimedia.org/wikipedia/commons/0/04/Shah_Alam_II_%281759-1806%29%2C_the_blind_mughal_Emperor%2C_seated_on_a_golden_throne..jpg?utm_source=commons.wikimedia.org&utm_campaign=imageinfo&utm_content=thumbnail_unscaled,PD,,attributed to Khairullah (active 1800–1815),,"circa 1800date QS:P,+1800-00-00T00:00:00Z/9,P1480,Q5727902 (painted)",,,1644,2216,3b00f785c41e59910168a5e84a4370fee05295d3ce15801292da92191c64e7d3,review,PD/CC0 但缺卒年/出版年，补时间证据再 train（§2.1）。,2026-09-16T06:43:46Z
commons_Shahnameh_illustration_IMJ_B69_0627_jpeg,image.jpeg,00026.png,commons,Wikimedia Commons,https://commons.wikimedia.org/wiki/File:Shahnameh_illustration_-_IMJ_B69-0627.jpeg,https://thumb.wikimedia.org/wikipedia/commons/thumb/7/7f/Shahnameh_illustration_-_IMJ_B69-0627.jpeg/1920px-Shahnameh_illustration_-_IMJ_B69-0627.jpeg?utm_source=commons.wikimedia.org&utm_campaign=imageinfo&utm_content=thumbnail,PD,,Marsupium,,2018-09-16 13:28:59,B,nature,1920,2543,c2ae993cb80b855db439247a322af9382369e32697227c5b04e08b3e78ce78af,review,风格可留（骑者与旗帜穿行山隘，B 族 nature）；但 Commons 元数据只给上传日期2018，无作品年代证据，按 §2.1 退回 review——补到年代再入册（三件套暂存 data/crops/_hold）。,2026-09-16T03:17:36Z
commons_Shahnameh_illustration_IMJ_B69_0633_jpeg,image.jpeg,00025.png,commons,Wikimedia Commons,https://commons.wikimedia.org/wiki/File:Shahnameh_illustration_-_IMJ_B69-0633.jpeg,https://thumb.wikimedia.org/wikipedia/commons/thumb/0/0e/Shahnameh_illustration_-_IMJ_B69-0633.jpeg/1920px-Shahnameh_illustration_-_IMJ_B69-0633.jpeg?utm_source=commons.wikimedia.org&utm_campaign=imageinfo&utm_content=thumbnail,PD,,Marsupium,,2018-09-16 14:22:19,B,nature,1920,2560,e6141fc26c0d0549c98a7efa96c91fbdd1114cd9056a5e6aa42c5fdc2562ef8b,review,风格可留（持旗矛骑者过山，纹样树石满铺，B 族 nature）；但 Commons 元数据只给上传日期2018，无作品年代证据，按 §2.1 退回 review——补到年代再入册（三件套暂存 data/crops/_hold）。,2026-09-16T03:17:31Z
commons_Sixty_drawings_of_Mughal_monuments_and_architectural_details,image.jpg,,commons,Wikimedia Commons,https://commons.wikimedia.org/wiki/File:Sixty_drawings_of_Mughal_monuments_and_architectural_details_Qudsiya_Bagh_1836.jpg,https://upload.wikimedia.org/wikipedia/commons/a/a6/Sixty_drawings_of_Mughal_monuments_and_architectural_details_Qudsiya_Bagh_1836.jpg?utm_source=commons.wikimedia.org&utm_campaign=imageinfo&utm_content=thumbnail_unscaled,PD,,Unknown authorUnknown author,,"circa 1836date QS:P,+1836-00-00T00:00:00Z/9,P1480,Q5727902",,,768,446,576366e353f37a54afb5c5195a2d7a04e1eacfefb12d69a7e6751668c5b98772,review,PD/CC0 但缺卒年/出版年，补时间证据再 train（§2.1）。,2026-09-16T04:07:08Z
commons_Soutatsu_Matsushima_jpg,image.jpg,,commons,Wikimedia Commons,https://commons.wikimedia.org/wiki/File:Soutatsu_Matsushima.jpg,https://upload.wikimedia.org/wikipedia/commons/a/ac/Soutatsu_Matsushima.jpg?utm_source=commons.wikimedia.org&utm_campaign=imageinfo&utm_content=thumbnail_unscaled,PD,,Tawara Sōtatsu,,"17th centurydate QS:P571,+1650-00-00T00:00:00Z/7",,,2000,439,b1808b01ff553d767a0e372b4a5e67dbdfecef0c08a3c4f63280be0b363e770a,reject,拒：短边439<640（§5.2）。,2026-09-16T04:31:07Z
commons_Tang_4_cropped_jpg,image.jpg,,commons,Wikimedia Commons,https://commons.wikimedia.org/wiki/File:Tang-4_(cropped).jpg,https://upload.wikimedia.org/wikipedia/commons/a/ae/Tang-4_%28cropped%29.jpg?utm_source=commons.wikimedia.org&utm_campaign=imageinfo&utm_content=thumbnail_unscaled,PD,,Unknown authorUnknown author,,,,,618,790,d061466b11efb4eaadf684d1b45e50d6764c9341100b6f3c5e2eb5c7511f40d6,review,PD/CC0 但缺卒年/出版年，补时间证据再 train（§2.1）。,2026-09-16T06:49:11Z
commons_Tang_4_jpg,image.jpg,,commons,Wikimedia Commons,https://commons.wikimedia.org/wiki/File:Tang-4.jpg,https://upload.wikimedia.org/wikipedia/commons/c/c3/Tang-4.jpg?utm_source=commons.wikimedia.org&utm_campaign=imageinfo&utm_content=thumbnail_unscaled,PD,,Unknown authorUnknown author,,,,,1847,2751,02c4312d14c9fc623dc614248c25bfb04f983fa94af135f1a81a84313f750ffd,review,PD/CC0 但缺卒年/出版年，补时间证据再 train（§2.1）。,2026-09-16T06:48:54Z
commons_Tawaraya_Sotatsu_Waves_at_Matsushima_2_Google_Art_Project_jp,image.jpg,00029.png,commons,Wikimedia Commons,https://commons.wikimedia.org/wiki/File:Tawaraya_Sotatsu_-_Waves_at_Matsushima_(2)_-_Google_Art_Project.jpg,https://upload.wikimedia.org/wikipedia/commons/c/c6/Tawaraya_Sotatsu_-_Waves_at_Matsushima_%282%29_-_Google_Art_Project.jpg?utm_source=commons.wikimedia.org&utm_campaign=imageinfo&utm_content=thumbnail_unscaled,PD,,Tawara Sōtatsu,,1620,E,water,3600,1615,b516dbcacddb3f513a7cdf700b4c350bb10b00e5e72f1cc2f06400e5a011d773,train,人工目检可留：俵屋宗达《松岛图》另一扇(Commons PD，Google Art Project，取1620)；金地浪脊+松岩，E 族 water；与 00028 同屏风不同扇（§3.2 同一屏风限 3 张）。,2026-09-16T04:31:17Z
commons_Tawaraya_Sotatsu_Waves_at_Matsushima_Google_Art_Project_jpg,image.jpg,00028.png,commons,Wikimedia Commons,https://commons.wikimedia.org/wiki/File:Tawaraya_Sotatsu_-_Waves_at_Matsushima_-_Google_Art_Project.jpg,https://upload.wikimedia.org/wikipedia/commons/5/55/Tawaraya_Sotatsu_-_Waves_at_Matsushima_-_Google_Art_Project.jpg?utm_source=commons.wikimedia.org&utm_campaign=imageinfo&utm_content=thumbnail_unscaled,PD,,Tawara Sōtatsu,,1620,E,water,3600,1609,274c4eb40fef624701128995b4bc3c6641d233eaf46b01d79c1eb88852268181,train,人工目检可留：俵屋宗达《松岛图》屏风(Commons PD，Google Art Project，宗达活跃至约1643，取1620)；金地+蓝绿浪脊+松岛，水纹纯图案化，E 族 water。,2026-09-16T04:31:12Z
commons_The_Educational_Screen_Volume_2_djvu,image.jpg,,commons,Wikimedia Commons,https://commons.wikimedia.org/wiki/File:The_Educational_Screen_-_Volume_2.djvu,https://thumb.wikimedia.org/wikipedia/commons/thumb/5/5e/The_Educational_Screen_-_Volume_2.djvu/page1-1280px-The_Educational_Screen_-_Volume_2.djvu.jpg?utm_source=commons.wikimedia.org&utm_campaign=imageinfo&utm_content=thumbnail,PD,,,,,,,1280,1861,338ddee198b09fdc4c1c1c1e9d6127d88762bff3698879f7acd6865a11344438,review,PD/CC0 但缺卒年/出版年，补时间证据再 train（§2.1）。,2026-09-16T04:43:17Z
commons_The_Enthronement_of_King_Luhrasp_Iran_17th_century_jpg,image.jpg,,commons,Wikimedia Commons,"https://commons.wikimedia.org/wiki/File:The_Enthronement_of_King_Luhrasp,_Iran,_17th_century.jpg",https://upload.wikimedia.org/wikipedia/commons/4/46/The_Enthronement_of_King_Luhrasp%2C_Iran%2C_17th_century.jpg?utm_source=commons.wikimedia.org&utm_campaign=imageinfo&utm_content=thumbnail_unscaled,PD,,San Diego Museum of Art,,"17th centurydate QS:P,+1650-00-00T00:00:00Z/7",,,850,1299,1fdee78f41b73a66aa7075272a6562ff02a57bf0f634989fa48445954940249a,review,PD/CC0 但缺卒年/出版年，补时间证据再 train（§2.1）。,2026-09-16T06:19:14Z
commons_The_Fire_Ordeal_of_Siyavush_Folio_from_a_Shahnama_Book_of_K,image.jpg,,commons,Wikimedia Commons,"https://commons.wikimedia.org/wiki/File:%22The_Fire_Ordeal_of_Siyavush%22,_Folio_from_a_Shahnama_(Book_of_Kings)_of_Firdausi_MET_DP164657.jpg",https://upload.wikimedia.org/wikipedia/commons/2/24/%22The_Fire_Ordeal_of_Siyavush%22%2C_Folio_from_a_Shahnama_%28Book_of_Kings%29_of_Firdausi_MET_DP164657.jpg?utm_source=commons.wikimedia.org&utm_campaign=imageinfo&utm_content=thumbnail_unscaled,CC0,http://creativecommons.org/publicdomain/zero/1.0/deed.en,Ferdowsi,,"1482date QS:P571,+1482-00-00T00:00:00Z/9",,,1500,2265,6a8a728b6ab86b244f7cc86c9e1d5778e06a83c145e23098d755cf31eb70b199,review,PD/CC0 但缺卒年/出版年，补时间证据再 train（§2.1）。,2026-09-16T09:38:35Z
commons_The_Fire_Ordeal_of_Siyawush_from_a_Shahnama_of_Firdawsi_Safa,image.jpg,00049.png,commons,Wikimedia Commons,"https://commons.wikimedia.org/wiki/File:The_Fire_Ordeal_of_Siyawush,_from_a_Shahnama_of_Firdawsi,_Safavid_Isfahan,_Iran,_second_half_16th_century.jpg",https://upload.wikimedia.org/wikipedia/commons/2/21/The_Fire_Ordeal_of_Siyawush%2C_from_a_Shahnama_of_Firdawsi%2C_Safavid_Isfahan%2C_Iran%2C_second_half_16th_century.jpg?utm_source=commons.wikimedia.org&utm_campaign=imageinfo&utm_content=thumbnail_unscaled,PD,,Christies.com,,1575,B,ritual,2007,3200,e6a097fd4acaa708c3426d6445aa53bb96a62e03cb69f2f2477c24599fa9b4f4,train,人工目检可留：《Siyavush 火审》(Commons PD，文件页16世纪后半，取1575)；骑者穿越火海+帐幕下观众，B 族 ritual。,2026-09-16T09:38:41Z
commons_TsangMonk_jpg,image.jpg,00007.png,commons,Wikimedia Commons,https://commons.wikimedia.org/wiki/File:TsangMonk.jpg,https://upload.wikimedia.org/wikipedia/commons/0/07/TsangMonk.jpg?utm_source=commons.wikimedia.org&utm_campaign=imageinfo&utm_content=thumbnail_unscaled,PD,,"unknown artist, Dunhuang-school painting (PD on Commons)",,1000,A,ritual,775,949,84e2998f1a501dd298a51bad20402f9df35c60f7bb4e4ae187fcf4e4a0e7d5e2,train,人工目检可留：敦煌系古画(观音坐像+云气，约10世纪) PD；775x949 达标；斑驳中等但纹样可读，可裁局部；A 族 ritual。原页年代待 Commons 限流解除后复核。,2026-09-15T03:06:19Z
commons_Two_leaves_one_illustrated_from_a_dispersed_manuscript_of_Fi,image.jpg,,commons,Wikimedia Commons,"https://commons.wikimedia.org/wiki/File:Two_leaves,_one_illustrated,_from_a_dispersed_manuscript_of_Firdausi%27s_Shahnama,_depicting_the_enthronement_of_Shapur.jpg",https://upload.wikimedia.org/wikipedia/commons/e/e6/Two_leaves%2C_one_illustrated%2C_from_a_dispersed_manuscript_of_Firdausi%27s_Shahnama%2C_depicting_the_enthronement_of_Shapur.jpg?utm_source=commons.wikimedia.org&utm_campaign=imageinfo&utm_content=thumbnail_unscaled,PD,,Bonhams,,mid-17th Century,,,613,905,9eb63853097c358d73a53b176f9e2d76f49513db60ba8369d839fcd340bd8f14,review,PD/CC0 但缺卒年/出版年，补时间证据再 train（§2.1）。,2026-09-16T06:19:19Z
commons_Volga_Bilibin_05_jpg,image.jpg,,commons,Wikimedia Commons,https://commons.wikimedia.org/wiki/File:Volga_(Bilibin)_05.jpg,https://upload.wikimedia.org/wikipedia/commons/9/9f/Volga_%28Bilibin%29_05.jpg?utm_source=commons.wikimedia.org&utm_campaign=imageinfo&utm_content=thumbnail_unscaled,PD,,Ivan Bilibin,,1904,,,591,370,6f5e117b42a2520f5a45611b6a403a56870e92bcf1594fa35acd02936af4f9f0,reject,拒：短边370<640（§5.2）。,2026-09-14T05:27:15Z
commons_Waves_at_Matsushima_jpg,image.jpg,,commons,Wikimedia Commons,https://commons.wikimedia.org/wiki/File:Waves_at_Matsushima.jpg,https://upload.wikimedia.org/wikipedia/commons/e/e2/Waves_at_Matsushima.jpg?utm_source=commons.wikimedia.org&utm_campaign=imageinfo&utm_content=thumbnail_unscaled,PD,,Ogata Kōrin,,"18th centurydate QS:P,+1750-00-00T00:00:00Z/7",,,1559,648,093e1c0d5f8825b7568f66a008558de4604eda613985e361e086a2dae46a27e4,reject,拒：黑白珂罗版印刷复制品（§5.2 翻拍/黑白）。,2026-09-16T04:31:21Z
commons_Zal_and_the_Simurgh_ink_and_opaque_watercolor_painting_from,image.jpg,00021.png,commons,Wikimedia Commons,"https://commons.wikimedia.org/wiki/File:%27Zal_and_the_Simurgh%27,_ink_and_opaque_watercolor_painting_from_Iran,_16th_century,_Honolulu_Academy_of_Arts.JPG",https://upload.wikimedia.org/wikipedia/commons/7/74/%27Zal_and_the_Simurgh%27%2C_ink_and_opaque_watercolor_painting_from_Iran%2C_16th_century%2C_Honolulu_Academy_of_Arts.JPG?utm_source=commons.wikimedia.org&utm_campaign=imageinfo&utm_content=thumbnail_unscaled,PD,,"unknown artist, Shahnama manuscript (PD on Commons)",,1500,B,nature,1588,2576,284cd5d2d3fe36072d8b9d7697a4fbffa78a2593059a89e27465fa9be29bce2a,train,人工目检可留：Shahnama《Zal 与神鸟 Simurgh》细密画(Commons PD，Honolulu Academy of Arts 藏)；神鸟+密纹花树+粉山，平涂矿物色，B 族 nature；年代取文件页「late 15th or early 16th century」=1500；已裁中间画幅带。,2026-09-16T02:41:38Z
commons_jpg,image.jpg,,commons,Wikimedia Commons,https://commons.wikimedia.org/wiki/File:%E9%83%BD%E7%9D%A3%E5%A4%AB%E4%BA%BA%E7%A6%AE%E4%BD%9B%E5%9C%96.jpg,https://upload.wikimedia.org/wikipedia/commons/1/13/%E9%83%BD%E7%9D%A3%E5%A4%AB%E4%BA%BA%E7%A6%AE%E4%BD%9B%E5%9C%96.jpg?utm_source=commons.wikimedia.org&utm_campaign=imageinfo&utm_content=thumbnail_unscaled,PD,,"Original author is unknown, restored and copied by Duan Wenjie in 1959.",,"8th centurydate QS:P,+750-00-00T00:00:00Z/7",,,3543,3221,2bcb25f46ab7a30d2a1d4f86ca971930c2bcb0452f937c73f06f22b839a36d83,reject,拒：都督夫人礼佛图 1959 段文杰复原临摹品（§2）。,2026-09-15T03:07:02Z
met_39895,image.jpg,,met,The Metropolitan Museum of Art,https://www.metmuseum.org/art/collection/search/39895,https://images.metmuseum.org/CRDImages/as/original/DP151528.jpg,CC0,https://www.metmuseum.org/about-the-met/policies-and-documents/open-access,Li Gonglin,,ca. 1085,,,1581,1935,1b5f0f4ad3b4adc0de43d385508eb484643dae671e5d26e916d56e0d5c08ead7,reject,拒：中国水墨卷轴，非矿物色平涂（§3.1）。,2026-09-16T02:31:34Z
met_39901,image.jpg,,met,The Metropolitan Museum of Art,https://www.metmuseum.org/art/collection/search/39901,https://images.metmuseum.org/CRDImages/as/original/DP153705.jpg,CC0,https://www.metmuseum.org/about-the-met/policies-and-documents/open-access,Han Gan,,ca. 750,,,2000,1501,ed928933208636f30a428b462fe307fd4b5931dd323e21d866a6ea9183cc4b35,reject,拒：中国水墨（照夜白），非矿物色平涂（§3.1）。,2026-09-16T02:31:51Z
met_40057,image.jpg,,met,The Metropolitan Museum of Art,https://www.metmuseum.org/art/collection/search/40057,https://images.metmuseum.org/CRDImages/as/original/DP-15820-005_crd.jpg,CC0,https://www.metmuseum.org/about-the-met/policies-and-documents/open-access,Li Jie,,ca. 1170,,,4000,2470,fda5a03d062eedce83bc63f1f5ea0c97da43ed0294ef9bd1d2d77838a9d4bac6,reject,拒：中国水墨卷轴（§3.1）。,2026-09-14T05:35:14Z
met_42716,image.jpg,,met,The Metropolitan Museum of Art,https://www.metmuseum.org/art/collection/search/42716,https://images.metmuseum.org/CRDImages/as/original/DT227320.jpg,CC0,https://www.metmuseum.org/about-the-met/policies-and-documents/open-access,,,ca. 1319,,,1905,1508,d81bb14097aeb597cb22067a3916a00473bd1f2cd7ecfc5dc43721a39b2cfb10,train,license=CC0 且来自开放获取机构（The Metropolitan Museum of Art，明确 CC0/PD，§2.1 照片权）；可 train。,2026-09-16T09:36:17Z
met_435711,image.jpg,,met,The Metropolitan Museum of Art,https://www.metmuseum.org/art/collection/search/435711,https://images.metmuseum.org/CRDImages/ep/original/DT234058.jpg,CC0,https://www.metmuseum.org/about-the-met/policies-and-documents/open-access,Léon Bonnat,,1869–70,,,2024,3722,dd2a91d14c8a7d7ba183f4a81041c2b0d34b1c40fc65ff0a1cfa2d03e3ebd7d0,reject,拒：欧洲东方主义油画（§3.1）。,2026-09-16T02:31:44Z
met_435844,image.jpg,,met,The Metropolitan Museum of Art,https://www.metmuseum.org/art/collection/search/435844,https://images.metmuseum.org/CRDImages/ep/original/DP-687-001.jpg,CC0,https://www.metmuseum.org/about-the-met/policies-and-documents/open-access,Caravaggio (Michelangelo Merisi),,1597,,,4000,3105,82d57c6e26834154dd2c76717f300dfab12a77da8d8d4d917b73674108dd3683,reject,拒：Caravaggio 油画《The Musicians》，风格不匹配（§3.1）。,2026-09-16T02:31:31Z
met_435997,image.jpg,,met,The Metropolitan Museum of Art,https://www.metmuseum.org/art/collection/search/435997,https://images.metmuseum.org/CRDImages/ep/original/DT11964.jpg,CC0,https://www.metmuseum.org/about-the-met/policies-and-documents/open-access,Pierre-Auguste Cot,,1880,,,2490,3722,a7423d26059451c1eb6b9879794755db8447956b887f6e4608e54fc19184de3c,reject,拒：欧洲油画《The Storm》（§3.1）。,2026-09-16T02:31:49Z
met_436105,image.jpg,,met,The Metropolitan Museum of Art,https://www.metmuseum.org/art/collection/search/436105,https://images.metmuseum.org/CRDImages/ep/original/DP-13139-001.jpg,CC0,https://www.metmuseum.org/about-the-met/policies-and-documents/open-access,Jacques Louis David,,1787,,,4000,2663,eaff5a04103361fed9fba6f10ea7bed80ccdc595d664b6997c6bd32f0eee06a6,reject,拒：欧洲新古典油画《The Death of Socrates》（§3.1）。,2026-09-16T02:31:54Z
met_436803,image.jpg,,met,The Metropolitan Museum of Art,https://www.metmuseum.org/art/collection/search/436803,https://images.metmuseum.org/CRDImages/ep/original/DP-16339-001.jpg,CC0,https://www.metmuseum.org/about-the-met/policies-and-documents/open-access,Joos van Wassenhove,,1472–74,,,4000,2838,fe4417ff0be6ccd544f25b99770255de6be07b2a0f6a6f2b832afe0056c32b62,reject,拒：欧洲宗教油画《The Adoration of the Magi》（§3.1）。,2026-09-16T02:31:47Z
met_437508,image.jpg,,met,The Metropolitan Museum of Art,https://www.metmuseum.org/art/collection/search/437508,https://images.metmuseum.org/CRDImages/ep/original/DP323414.jpg,CC0,https://www.metmuseum.org/about-the-met/policies-and-documents/open-access,Salvator Rosa,,ca. 1647,,,3105,3878,7a1eccfc37ce6a974a11d3f792d1dc762a666b25a4a846c37c1faf76d8feda98,reject,拒：欧洲油画《Self-Portrait》（§3.1）。,2026-09-16T02:31:29Z
met_437873,image.jpg,,met,The Metropolitan Museum of Art,https://www.metmuseum.org/art/collection/search/437873,https://images.metmuseum.org/CRDImages/ep/original/DP239023.jpg,CC0,https://www.metmuseum.org/about-the-met/policies-and-documents/open-access,Velázquez (Diego Rodríguez de Silva y Velázquez),,probably 1624,,,1998,3869,b91020907fdcc6fbf21f9c5f74333d06635ba00c6aab0cbd32d90f238c89a33c,reject,拒：Velázquez 油画《Philip IV》（§3.1）。,2026-09-16T02:31:52Z
met_438821,image.jpg,,met,The Metropolitan Museum of Art,https://www.metmuseum.org/art/collection/search/438821,https://images.metmuseum.org/CRDImages/ep/original/DT1025.jpg,CC0,https://www.metmuseum.org/about-the-met/policies-and-documents/open-access,Paul Gauguin,,1891,,,2928,3722,ac80a43fcf2deb80484810ac0e8b1d854434781c2c9b3b2b3d262c76da99e5fc,reject,拒：Gauguin 油画，风格不匹配（§3.1）。,2026-09-16T06:07:07Z
met_446297,image.jpg,,met,The Metropolitan Museum of Art,https://www.metmuseum.org/art/collection/search/446297,https://images.metmuseum.org/CRDImages/is/original/DP232478.jpg,CC0,https://www.metmuseum.org/about-the-met/policies-and-documents/open-access,`Abd al-Rahman al-Sufi,,late 15th century,,,2726,4000,99f2d6d321b9a4b6df2e94bd749253436d43389f46b0292233e52b836f5783ba,reject,拒：al-Sufi 星图墨线素描+大面积斑驳，风格弱（§3.1/§5.2）；machine_or_sky 另找彩绘版。,2026-09-15T06:32:44Z
met_44794,image.jpg,00008.png,met,The Metropolitan Museum of Art,https://www.metmuseum.org/art/collection/search/44794,https://images.metmuseum.org/CRDImages/as/original/DP267826.jpg,CC0,https://www.metmuseum.org/about-the-met/policies-and-documents/open-access,,,ca. 6th–7th century,A,ritual,1968,3928,0f7e0b9191677f36c05ec5a968a676dcb5b32924e6fa229015084b2260c51f4d,train,人工目检可留：克孜尔风格持莲僧人壁画(Met CC0)，蓝灰底矿物色平涂，A 族 ritual；1968x3928 达标，需裁装裱边。,2026-09-15T06:31:39Z
met_448280,image.jpg,00011.png,met,The Metropolitan Museum of Art,https://www.metmuseum.org/art/collection/search/448280,https://images.metmuseum.org/CRDImages/is/original/DT214817.jpg,CC0,https://www.metmuseum.org/about-the-met/policies-and-documents/open-access,Abu'l Qasim Firdausi,,dated 741 AH/1341 CE,B,court,3027,3717,4445d237a00ed78f0e5634fc6ea0120b2698931beee778df5bd4996076e5305e,train,人工目检可留：Shahnama 1341 波斯细密画(Met CC0)；朱砂红地平涂+金，B 族 court；裁上方画幅带用。,2026-09-15T02:57:05Z
met_450605,image.jpg,,met,The Metropolitan Museum of Art,https://www.metmuseum.org/art/collection/search/450605,https://images.metmuseum.org/CRDImages/is/original/sf45-174-23r.jpg,CC0,https://www.metmuseum.org/about-the-met/policies-and-documents/open-access,Vali Jan,,late 16th century,,,1908,1284,1c5cc98d59143ae7229798be6887f54461fe08a2cfa7a33a3409014842ae3a85,reject,拒：Vali Jan 淡彩素描，矿物色不足（§3.1）。,2026-09-14T04:06:25Z
met_451287,image.jpg,,met,The Metropolitan Museum of Art,https://www.metmuseum.org/art/collection/search/451287,https://images.metmuseum.org/CRDImages/is/original/DP231356.jpg,CC0,https://www.metmuseum.org/about-the-met/policies-and-documents/open-access,Nanha,,verso: ca. 1610–15; recto: ca.1535–45,,,2758,4000,86d2d1cb6ac7f8ab269980af92264bcf1eae9946651cc0f1b160c6983d2aa526,reject,拒：书法页为主体（§3.1）。,2026-09-15T02:58:45Z
met_451289,image.jpg,00017.png,met,The Metropolitan Museum of Art,https://www.metmuseum.org/art/collection/search/451289,https://images.metmuseum.org/CRDImages/is/original/DP247712.jpg,CC0,https://www.metmuseum.org/about-the-met/policies-and-documents/open-access,Mir 'Ali Haravi,,recto and verso: ca. 1630–40,F,ornament,2634,3948,c7f39a52b02347d4225e8acff797bbc722bbb199ca9353582dad63e7aed47a18,train,"人工目检可留：Shah Jahan Album 泥金「unwan」首叶(ca.1630–40, Met CC0)，蓝地金花满铺、无人物情节，F 族纯图案；整页即图案，可直接裁去纸边。",2026-09-16T02:45:11Z
met_451403,image.jpg,00019.png,met,The Metropolitan Museum of Art,https://www.metmuseum.org/art/collection/search/451403,https://images.metmuseum.org/CRDImages/is/original/DP240660.jpg,CC0,https://www.metmuseum.org/about-the-met/policies-and-documents/open-access,,,ca. 1430,B,court,3830,2763,408ba53b1f90ac1c111fdce4bbc9e0e6f94ce8eaba96fdeb6166e29f1cd5b3ca,train,人工目检可留：《Wine Drinking in a Spring Garden》波斯单页(Met CC0)；青蓝/石绿袍服+花树+金，平涂闭合轮廓，B 族 court。,2026-09-16T02:45:14Z
met_451725,image.jpg,00001.png,met,The Metropolitan Museum of Art,https://www.metmuseum.org/art/collection/search/451725,https://images.metmuseum.org/CRDImages/is/original/DP234083.jpg,CC0,https://www.metmuseum.org/about-the-met/policies-and-documents/open-access,Habiballah of Sava,,ca. 1600,B,nature,2597,3876,cdd5f018b0deb28ee41ed46ffc988a15764dfba56d4db9fd9c370129b3b5f9bd,train,人工目检可留：Mantiq al-Tayr《The Concourse of the Birds》ca.1600(Met CC0)；B 族 nature(群鸟)。,2026-09-15T02:57:03Z
met_451726,image.jpg,00018.png,met,The Metropolitan Museum of Art,https://www.metmuseum.org/art/collection/search/451726,https://images.metmuseum.org/CRDImages/is/original/DP247743.jpg,CC0,https://www.metmuseum.org/about-the-met/policies-and-documents/open-access,Farid al-Din `Attar,,ca. 1600,B,court,2801,4000,74a45ed51f960b55193fb7639c16c234f16646c4abc8bb78bcb6c2943adc6239,train,人工目检可留：Mantiq al-Tayr《Shaikh San'an 于少女窗下》ca.1600(Met CC0)；蓝釉拱门+庭院人物+花树，B 族 court；裁去洒金绿边。,2026-09-16T02:45:08Z
met_452651,image.jpg,00020.png,met,The Metropolitan Museum of Art,https://www.metmuseum.org/art/collection/search/452651,https://images.metmuseum.org/CRDImages/is/original/DP108574.jpg,CC0,https://www.metmuseum.org/about-the-met/policies-and-documents/open-access,Abu'l Qasim Firdausi,,ca. 1330–40,B,nature,2788,4000,f091c3a5bec7cbcb448fa8252dd95af88b6193d01000c05dc09bf34834cfec2a,train,人工目检可留：Shahnama《Isfandiyar 第三关·屠龙》页(Met CC0)；龙盘旋于赭红地+山石，B 族 nature；画幅在下三分之一，须裁画幅带。,2026-09-16T02:45:06Z
met_453385,image.jpg,,met,The Metropolitan Museum of Art,https://www.metmuseum.org/art/collection/search/453385,https://images.metmuseum.org/CRDImages/is/original/DP235838.jpg,CC0,https://www.metmuseum.org/about-the-met/policies-and-documents/open-access,Sultan Muhammad Nur,,dated 905 AH/1499–1500 CE,,,1464,3844,c3b4c7ed3a8af6e13ada357152e039bddd52755e238e98166e28d431ae66a32d,reject,拒：书法页为主体（§3.1）。,2026-09-16T02:33:00Z
met_453895,image.jpg,,met,The Metropolitan Museum of Art,https://www.metmuseum.org/art/collection/search/453895,https://images.metmuseum.org/CRDImages/is/original/DP299968.jpg,CC0,https://www.metmuseum.org/about-the-met/policies-and-documents/open-access,,,second quarter 17th century,,,4000,3036,be0354f9c4ec35dc497b2db3ff14ef520861a86397062263a894aa475b5dc43a,reject,拒：淡彩浅绛单页（Youth and Dervish），矿物色不足（§3.1，同 met_450605）。,2026-09-16T02:45:13Z
met_464559,image.jpg,,met,The Metropolitan Museum of Art,https://www.metmuseum.org/art/collection/search/464559,https://images.metmuseum.org/CRDImages/md/original/DP-16607-014.jpg,CC0,https://www.metmuseum.org/about-the-met/policies-and-documents/open-access,,,ca. 1150,,,4000,2775,8f014a1f59f2ec22c52aae7b2c4f142b450a62318e4c5c2c4b7ab6c074521705,train,license=CC0 且来自开放获取机构（The Metropolitan Museum of Art，明确 CC0/PD，§2.1 照片权）；可 train。；目检待定：珐琅圣物箱为透视器物照，金色磨损重，若用需裁正面局部，暂列备选。,2026-09-15T06:19:26Z
met_464604,image.jpg,,met,The Metropolitan Museum of Art,https://www.metmuseum.org/art/collection/search/464604,https://images.metmuseum.org/CRDImages/md/original/DP352035.jpg,CC0,https://www.metmuseum.org/about-the-met/policies-and-documents/open-access,,,ca. 1220–1230,,,3929,2947,a35e00baf016e3a7a111052f95618d5aeb09c7154ac5385a3eb23106a5d1a545,reject,人工目检拒：利摩日珐琅神龛为建筑形 3D 器物照，珐琅面被金属框架分割，裁不出干净平面（SPEC §5.2 器物翻拍）。,2026-09-15T06:19:33Z
met_470309,image.jpg,,met,The Metropolitan Museum of Art,https://www.metmuseum.org/art/collection/search/470309,https://images.metmuseum.org/CRDImages/cl/original/DP233162.jpg,CC0,https://www.metmuseum.org/about-the-met/policies-and-documents/open-access,Jean Pucelle,,ca. 1324–28,,,4000,2796,6b826ff04be99bddab650103b58a22956826b73b9bf8ebe0e5a32d11e89272c6,reject,拒：欧洲 grisaille 抄本，非矿物色平涂（§3.1）。,2026-09-15T06:32:57Z
met_49571,image.jpg,,met,The Metropolitan Museum of Art,https://www.metmuseum.org/art/collection/search/49571,https://images.metmuseum.org/CRDImages/as/original/DP271343.jpg,CC0,https://www.metmuseum.org/about-the-met/policies-and-documents/open-access,,,ca. 6th–7th century,,,4000,3000,295258e5db481f3fa4817f96d81375dfe62aeaa68d18161bbd2213f3d713fa36,reject,人工目检拒：三身天人残片大面积泥底裸露，斑驳过重（SPEC §5.2）。,2026-09-15T06:32:11Z
met_54210,image.jpg,,met,The Metropolitan Museum of Art,https://www.metmuseum.org/art/collection/search/54210,https://images.metmuseum.org/CRDImages/as/original/DP355134.jpg,CC0,https://www.metmuseum.org/about-the-met/policies-and-documents/open-access,,,ca. 6th–7th century,,,3000,4000,0bb21c4220378aa851f4cfe125a58694dd2554719694f5c84fde6d89cc19ba09,reject,人工目检拒：佛头残片斑驳严重，且底部 Munsell 校色卡入镜（SPEC §5.2）。,2026-09-15T06:32:27Z
met_54211,image.jpg,,met,The Metropolitan Museum of Art,https://www.metmuseum.org/art/collection/search/54211,https://images.metmuseum.org/CRDImages/as/original/DP271342.jpg,CC0,https://www.metmuseum.org/about-the-met/policies-and-documents/open-access,,,ca. 6th–7th century,,,3000,4000,351de8fc4cb3eff928e5ae4f503f142e0620e4d477ce096304cb8b2b15338f2f,train,license=CC0 且来自开放获取机构（The Metropolitan Museum of Art，明确 CC0/PD，§2.1 照片权）；可 train。；目检待定：坐菩萨剥落重，裁装裱边后可用作备选。,2026-09-15T06:31:54Z
met_60654,image.jpg,00010.png,met,The Metropolitan Museum of Art,https://www.metmuseum.org/art/collection/search/60654,https://images.metmuseum.org/CRDImages/as/original/DP357161.jpg,CC0,https://www.metmuseum.org/about-the-met/policies-and-documents/open-access,,,ca. 6th–7th century,A,court,2532,3858,0d16bc0cb023273dae9c503244af7c6ce967b0928145206304a609d2d74c8ae2,train,人工目检可留：克孜尔武士壁画(Met CC0)，青金石蓝+孔雀石绿+红勾线，甲胄纹样清晰，残片中品相最佳，A 族 court。,2026-09-15T06:32:09Z
met_60655,image.jpg,00009.png,met,The Metropolitan Museum of Art,https://www.metmuseum.org/art/collection/search/60655,https://images.metmuseum.org/CRDImages/as/original/DP357165.jpg,CC0,https://www.metmuseum.org/about-the-met/policies-and-documents/open-access,,,ca. 6th–7th century,A,ritual,2277,3856,904537e62c651619efbb56b911cd01babd2c3c1300cdbe1ea0a4fda59b3833ab,train,人工目检可留：克孜尔供养人壁画(Met CC0)，大片青金石蓝底+绿帔帛，矿物蓝最正，A 族 ritual。,2026-09-15T06:32:30Z
met_626692,image.jpg,,met,The Metropolitan Museum of Art,https://www.metmuseum.org/art/collection/search/626692,https://images.metmuseum.org/CRDImages/ep/original/DP352819.jpg,CC0,https://www.metmuseum.org/about-the-met/policies-and-documents/open-access,Charles Le Brun,,ca. 1660,,,3923,3332,aac8b015857125755d4a229593f43e5a0509dfb3602248902d0dad4664f63233,reject,拒：欧洲古典油画（§3.1）。,2026-09-15T06:33:00Z
met_700091,image.jpg,00012.png,met,The Metropolitan Museum of Art,https://www.metmuseum.org/art/collection/search/700091,https://images.metmuseum.org/CRDImages/li/original/NK1510__J7_1868_Q_001.jpg,CC0,https://www.metmuseum.org/about-the-met/policies-and-documents/open-access,Owen Jones,,1868,F,ornament,2538,3965,62b2eece19e0f3a3f8bf166da0efa3869f157698884ed270bdefec0ebc2b72b5,train,人工目检可留：Grammar of Ornament 扉页(Met CC0)，红/金/褐藤蔓字母装饰，F 族 ornament。,2026-09-15T06:19:51Z
met_701293,image.jpg,,met,The Metropolitan Museum of Art,https://www.metmuseum.org/art/collection/search/701293,https://images.metmuseum.org/CRDImages/as/original/DP-13240-001.jpg,CC0,https://www.metmuseum.org/about-the-met/policies-and-documents/open-access,Zhou Lianggong,,datable to 1663 or later,,,4000,3002,d7d83d99d9bec8fb049fd638ca9c7722b5a7b754db4cfc1b5a5825447c6c9cab,reject,拒：中国书法/册页（§3.1）。,2026-09-16T06:07:08Z
met_74906,image.jpg,00033.png,met,The Metropolitan Museum of Art,https://www.metmuseum.org/art/collection/search/74906,https://images.metmuseum.org/CRDImages/as/original/DP238214.jpg,CC0,https://www.metmuseum.org/about-the-met/policies-and-documents/open-access,Mahavihara Master,,early 12th century,A,ritual,4000,2340,fe788d4cae9509df2431e84348d52a654c8ed1838ebe22bf497ce730fe8200fa,train,人工目检可留：敦煌绢画《观音说法图》(Met CC0 74906)；红地华盖+幡幢+云气卷草，A 族 ritual。,2026-09-16T06:07:24Z
met_78195,image.jpg,00034.png,met,The Metropolitan Museum of Art,https://www.metmuseum.org/art/collection/search/78195,https://images.metmuseum.org/CRDImages/as/original/DP291219_edt.jpg,CC0,https://www.metmuseum.org/about-the-met/policies-and-documents/open-access,,,ca. 1500,A,ritual,3326,4000,4870852d40796c2e5425d860632e32943928df54fadad38fea1a1a410d6cd6de,train,人工目检可留：护法神 Mahakala(Met CC0 78195)；深蓝地火焰卷涡背光，中心向外轮环，A 族 ritual。,2026-09-16T06:07:22Z
met_814025,image.jpg,00013.png,met,The Metropolitan Museum of Art,https://www.metmuseum.org/art/collection/search/814025,https://images.metmuseum.org/CRDImages/li/original/b1960820_001_TP.jpg,CC0,https://www.metmuseum.org/about-the-met/policies-and-documents/open-access,Owen Jones,,1856,F,ornament,2154,3387,e7e9ce33642fef40701efdc4d3cd4314e7d75622ac64cffc8deffb2eaac886ee,train,人工目检可留：Grammar of Ornament 扉页另一版(Met CC0)，青金蓝+红+金更饱和，F 族 ornament。,2026-09-15T06:19:45Z
met_816189,image.jpg,,met,The Metropolitan Museum of Art,https://www.metmuseum.org/art/collection/search/816189,https://images.metmuseum.org/CRDImages/as/original/DP-17101-002.jpg,CC0,https://www.metmuseum.org/about-the-met/policies-and-documents/open-access,Musō Soseki,,early to mid-14th century,,,2284,4000,c01f15f491bd696972127cf709879cd067ed012e8afc845e8e599c393de117f0,train,license=CC0 且来自开放获取机构（The Metropolitan Museum of Art，明确 CC0/PD，§2.1 照片权）；可 train。,2026-09-16T06:07:26Z
met_824771,image.jpg,,met,The Metropolitan Museum of Art,https://www.metmuseum.org/art/collection/search/824771,https://images.metmuseum.org/CRDImages/dp/original/DP-18368-001.jpg,CC0,https://www.metmuseum.org/about-the-met/policies-and-documents/open-access,Elisabeth Louise Vigée Le Brun,,ca. 1780–81,,,2528,3653,0833401df7c94cdc723529b5add91796dc84cdffab535f468a674727d48aa77a,reject,拒：欧洲油画（§3.1）。,2026-09-16T06:07:05Z
met_854908,image.jpg,00035.png,met,The Metropolitan Museum of Art,https://www.metmuseum.org/art/collection/search/854908,https://images.metmuseum.org/CRDImages/as/original/DP-24550-001_crd.jpg,CC0,https://www.metmuseum.org/about-the-met/policies-and-documents/open-access,,,15th century,A,ritual,2616,2849,a582d7a8e7dcd6c5512cedef446f71a6b4a845bee3bf67182216d302ad766192,train,人工目检可留：Vaishravana 天王(Met CC0 854908)；绿头光+鱼鳞甲+红地卷云，A 族 ritual。,2026-09-16T06:07:16Z
met_891631,image.jpg,00014.png,met,The Metropolitan Museum of Art,https://www.metmuseum.org/art/collection/search/891631,https://images.metmuseum.org/CRDImages/an/original/DP-33326-001.jpg,CC0,https://www.metmuseum.org/about-the-met/policies-and-documents/open-access,Owen Jones,,1868,F,ornament,2610,4000,391544af892c497703887c52889fbe59268d738c20aace448fafae893fcdb342,train,人工目检可留：Grammar of Ornament Nineveh & Persia No.1 图版(Met CC0)，蓝+橙纹样带，F 族 ornament。,2026-09-15T06:20:02Z
met_891632,image.jpg,00015.png,met,The Metropolitan Museum of Art,https://www.metmuseum.org/art/collection/search/891632,https://images.metmuseum.org/CRDImages/an/original/DP-33327-001.jpg,CC0,https://www.metmuseum.org/about-the-met/policies-and-documents/open-access,Owen Jones,,1868,F,ornament,2621,4000,a949130e8003b50879097aaf7784e15772fc0f226fd6f17c62a127b24bcb4f1c,train,人工目检可留：Grammar of Ornament Nineveh & Persia No.2 图版(Met CC0)，黄绿+金几何纹，F 族 ornament。【val 集：00015.png 已移入 data/val/，不参与训练，只作抽检对照（§6.1）】,2026-09-15T06:20:19Z
met_910384,image.jpg,,met,The Metropolitan Museum of Art,https://www.metmuseum.org/art/collection/search/910384,https://images.metmuseum.org/CRDImages/ep/original/DP-36366-001.jpg,CC0,https://www.metmuseum.org/about-the-met/policies-and-documents/open-access,Master of the Canesso Peddler,,ca. 1670–90,,,2526,4000,15fee1ea464cd85ed434fa53d4b428aa3f294372889f815182044a346a89b595,reject,拒：欧洲油画（§3.1）。,2026-09-15T06:32:48Z
